Wavenumber (cm^-1),Absorption,,
3125,8.93E-22,,
3124.9,1.13E-21,,
3124.9,1.11E-21,,
3124.8,8.70E-22,,
3124.7,6.58E-22,,
3124.7,6.13E-22,,
3124.6,5.77E-22,,
3124.5,5.49E-22,,
3124.5,6.04E-22,,
3124.4,6.92E-22,,
3124.4,6.93E-22,,
3124.3,6.47E-22,,
3124.2,6.53E-22,,
3124.2,6.71E-22,,
3124.1,7.02E-22,,
3124.1,7.44E-22,,
3124,8.05E-22,,
3123.9,8.79E-22,,
3123.9,9.76E-22,,
3123.8,1.06E-21,,
3123.8,1.16E-21,,
3123.7,1.31E-21,,
3123.6,1.47E-21,,
3123.6,1.61E-21,,
3123.5,1.79E-21,,
3123.5,2.04E-21,,
3123.4,2.35E-21,,
3123.3,2.78E-21,,
3123.3,3.34E-21,,
3123.2,4.11E-21,,
3123.2,5.35E-21,,
3123.1,7.36E-21,,
3123,9.82E-21,,
3123,1.40E-20,,
3122.9,2.37E-20,,
3122.9,5.06E-20,,
3122.8,1.39E-19,,
3122.7,2.08E-19,,
3122.7,1.02E-19,,
3122.6,5.96E-20,,
3122.6,5.77E-20,,
3122.5,9.39E-20,,
3122.4,1.74E-19,,
3122.4,2.18E-19,,
3122.3,2.86E-19,,
3122.3,2.21E-19,,
3122.2,8.28E-20,,
3122.1,3.41E-20,,
3122.1,1.86E-20,,
3122,1.19E-20,,
3122,8.49E-21,,
3121.9,6.41E-21,,
3121.8,5.08E-21,,
3121.8,4.16E-21,,
3121.7,3.48E-21,,
3121.7,2.95E-21,,
3121.6,2.53E-21,,
3121.5,2.24E-21,,
3121.5,1.99E-21,,
3121.4,1.78E-21,,
3121.4,1.65E-21,,
3121.3,1.54E-21,,
3121.2,1.44E-21,,
3121.2,1.45E-21,,
3121.1,1.49E-21,,
3121.1,1.39E-21,,
3121,1.33E-21,,
3120.9,1.34E-21,,
3120.9,1.10E-21,,
3120.8,8.83E-22,,
3120.8,7.86E-22,,
3120.7,7.60E-22,,
3120.6,7.16E-22,,
3120.6,6.72E-22,,
3120.5,6.47E-22,,
3120.5,6.24E-22,,
3120.4,5.91E-22,,
3120.3,5.59E-22,,
3120.3,5.27E-22,,
3120.2,5.06E-22,,
3120.2,5.09E-22,,
3120.1,4.98E-22,,
3120,4.82E-22,,
3120,4.65E-22,,
3119.9,4.57E-22,,
3119.8,4.49E-22,,
3119.8,4.68E-22,,
3119.7,4.82E-22,,
3119.7,5.18E-22,,
3119.6,5.59E-22,,
3119.5,6.86E-22,,
3119.5,8.22E-22,,
3119.4,1.03E-21,,
3119.4,1.16E-21,,
3119.3,1.35E-21,,
3119.2,1.38E-21,,
3119.2,1.25E-21,,
3119.1,1.49E-21,,
3119.1,2.38E-21,,
3119,2.56E-21,,
3118.9,1.68E-21,,
3118.9,1.18E-21,,
3118.8,1.10E-21,,
3118.8,1.29E-21,,
3118.7,2.08E-21,,
3118.6,3.58E-21,,
3118.6,4.42E-21,,
3118.5,3.94E-21,,
3118.5,2.22E-21,,
3118.4,1.20E-21,,
3118.3,8.53E-22,,
3118.3,6.57E-22,,
3118.2,5.64E-22,,
3118.2,4.95E-22,,
3118.1,4.53E-22,,
3118,3.89E-22,,
3118,4.01E-22,,
3117.9,4.41E-22,,
3117.9,5.27E-22,,
3117.8,4.87E-22,,
3117.7,4.03E-22,,
3117.7,3.59E-22,,
3117.6,3.77E-22,,
3117.6,4.15E-22,,
3117.5,5.32E-22,,
3117.4,6.38E-22,,
3117.4,6.54E-22,,
3117.3,5.25E-22,,
3117.3,3.99E-22,,
3117.2,3.42E-22,,
3117.1,3.31E-22,,
3117.1,3.20E-22,,
3117,3.31E-22,,
3117,3.43E-22,,
3116.9,3.54E-22,,
3116.8,3.84E-22,,
3116.8,3.94E-22,,
3116.7,3.62E-22,,
3116.7,3.50E-22,,
3116.6,3.49E-22,,
3116.5,3.54E-22,,
3116.5,3.64E-22,,
3116.4,3.72E-22,,
3116.4,3.89E-22,,
3116.3,4.07E-22,,
3116.2,4.39E-22,,
3116.2,4.46E-22,,
3116.1,4.65E-22,,
3116.1,4.93E-22,,
3116,5.40E-22,,
3115.9,6.08E-22,,
3115.9,6.50E-22,,
3115.8,6.08E-22,,
3115.8,5.99E-22,,
3115.7,6.19E-22,,
3115.6,6.60E-22,,
3115.6,7.09E-22,,
3115.5,8.23E-22,,
3115.4,1.01E-21,,
3115.4,1.18E-21,,
3115.3,1.27E-21,,
3115.3,1.55E-21,,
3115.2,1.58E-21,,
3115.1,1.30E-21,,
3115.1,1.19E-21,,
3115,1.24E-21,,
3115,1.43E-21,,
3114.9,1.68E-21,,
3114.8,1.90E-21,,
3114.8,2.11E-21,,
3114.7,2.41E-21,,
3114.7,2.50E-21,,
3114.6,2.33E-21,,
3114.5,2.39E-21,,
3114.5,2.72E-21,,
3114.4,2.90E-21,,
3114.4,3.11E-21,,
3114.3,3.58E-21,,
3114.2,4.20E-21,,
3114.2,5.11E-21,,
3114.1,6.49E-21,,
3114.1,9.13E-21,,
3114,1.22E-20,,
3113.9,1.52E-20,,
3113.9,2.29E-20,,
3113.8,4.29E-20,,
3113.8,1.06E-19,,
3113.7,1.98E-19,,
3113.6,1.29E-19,,
3113.6,8.26E-20,,
3113.5,9.67E-20,,
3113.5,1.84E-19,,
3113.4,3.57E-19,,
3113.3,4.67E-19,,
3113.3,4.62E-19,,
3113.2,2.04E-19,,
3113.2,7.83E-20,,
3113.1,3.78E-20,,
3113,2.25E-20,,
3113,1.52E-20,,
3112.9,1.12E-20,,
3112.9,8.70E-21,,
3112.8,7.10E-21,,
3112.7,5.92E-21,,
3112.7,4.90E-21,,
3112.6,4.15E-21,,
3112.6,3.60E-21,,
3112.5,3.19E-21,,
3112.4,2.95E-21,,
3112.4,2.80E-21,,
3112.3,2.51E-21,,
3112.3,2.25E-21,,
3112.2,2.17E-21,,
3112.1,1.99E-21,,
3112.1,1.82E-21,,
3112,1.94E-21,,
3112,1.81E-21,,
3111.9,1.44E-21,,
3111.8,1.23E-21,,
3111.8,1.12E-21,,
3111.7,1.06E-21,,
3111.7,9.75E-22,,
3111.6,8.98E-22,,
3111.5,8.40E-22,,
3111.5,7.99E-22,,
3111.4,7.72E-22,,
3111.4,7.63E-22,,
3111.3,7.61E-22,,
3111.2,7.13E-22,,
3111.2,6.63E-22,,
3111.1,6.43E-22,,
3111.1,6.31E-22,,
3111,6.35E-22,,
3110.9,6.12E-22,,
3110.9,5.79E-22,,
3110.8,5.50E-22,,
3110.7,5.25E-22,,
3110.7,5.15E-22,,
3110.6,5.16E-22,,
3110.6,5.39E-22,,
3110.5,5.98E-22,,
3110.4,6.31E-22,,
3110.4,5.68E-22,,
3110.3,5.14E-22,,
3110.3,4.92E-22,,
3110.2,4.89E-22,,
3110.1,5.03E-22,,
3110.1,5.35E-22,,
3110,5.88E-22,,
3110,7.09E-22,,
3109.9,9.84E-22,,
3109.8,1.25E-21,,
3109.8,1.42E-21,,
3109.7,1.47E-21,,
3109.7,1.61E-21,,
3109.6,1.55E-21,,
3109.5,1.25E-21,,
3109.5,1.28E-21,,
3109.4,1.73E-21,,
3109.4,3.08E-21,,
3109.3,4.88E-21,,
3109.2,4.30E-21,,
3109.2,3.88E-21,,
3109.1,5.20E-21,,
3109.1,5.08E-21,,
3109,3.14E-21,,
3108.9,1.77E-21,,
3108.9,1.22E-21,,
3108.8,9.20E-22,,
3108.8,8.64E-22,,
3108.7,9.06E-22,,
3108.6,7.91E-22,,
3108.6,6.87E-22,,
3108.5,7.88E-22,,
3108.5,7.92E-22,,
3108.4,6.83E-22,,
3108.3,7.05E-22,,
3108.3,7.42E-22,,
3108.2,7.53E-22,,
3108.2,7.65E-22,,
3108.1,6.76E-22,,
3108,5.48E-22,,
3108,5.09E-22,,
3107.9,5.29E-22,,
3107.9,5.58E-22,,
3107.8,5.86E-22,,
3107.7,6.75E-22,,
3107.7,6.99E-22,,
3107.6,6.31E-22,,
3107.6,5.56E-22,,
3107.5,5.22E-22,,
3107.4,5.09E-22,,
3107.4,5.11E-22,,
3107.3,5.35E-22,,
3107.3,5.52E-22,,
3107.2,5.55E-22,,
3107.1,5.60E-22,,
3107.1,5.69E-22,,
3107,5.79E-22,,
3107,6.00E-22,,
3106.9,6.23E-22,,
3106.8,6.46E-22,,
3106.8,6.69E-22,,
3106.7,6.88E-22,,
3106.7,7.25E-22,,
3106.6,7.85E-22,,
3106.5,8.31E-22,,
3106.5,8.59E-22,,
3106.4,8.83E-22,,
3106.3,9.04E-22,,
3106.3,9.54E-22,,
3106.2,1.01E-21,,
3106.2,1.08E-21,,
3106.1,1.16E-21,,
3106,1.22E-21,,
3106,1.31E-21,,
3105.9,1.41E-21,,
3105.9,1.53E-21,,
3105.8,1.67E-21,,
3105.7,1.81E-21,,
3105.7,1.99E-21,,
3105.6,2.22E-21,,
3105.6,2.53E-21,,
3105.5,2.88E-21,,
3105.4,3.15E-21,,
3105.4,3.48E-21,,
3105.3,3.94E-21,,
3105.3,4.55E-21,,
3105.2,5.35E-21,,
3105.1,6.44E-21,,
3105.1,7.95E-21,,
3105,9.96E-21,,
3105,1.29E-20,,
3104.9,1.80E-20,,
3104.8,2.50E-20,,
3104.8,3.70E-20,,
3104.7,6.53E-20,,
3104.7,1.44E-19,,
3104.6,3.66E-19,,
3104.5,3.84E-19,,
3104.5,1.95E-19,,
3104.4,1.53E-19,,
3104.4,2.20E-19,,
3104.3,3.35E-19,,
3104.2,3.91E-19,,
3104.2,2.37E-19,,
3104.1,9.26E-20,,
3104.1,4.37E-20,,
3104,2.56E-20,,
3103.9,1.73E-20,,
3103.9,1.26E-20,,
3103.8,9.81E-21,,
3103.8,8.01E-21,,
3103.7,6.66E-21,,
3103.6,5.64E-21,,
3103.6,4.98E-21,,
3103.5,4.43E-21,,
3103.5,3.89E-21,,
3103.4,3.58E-21,,
3103.3,3.33E-21,,
3103.3,3.02E-21,,
3103.2,2.62E-21,,
3103.2,2.31E-21,,
3103.1,2.26E-21,,
3103,2.19E-21,,
3103,1.88E-21,,
3102.9,1.63E-21,,
3102.9,1.50E-21,,
3102.8,1.40E-21,,
3102.7,1.32E-21,,
3102.7,1.24E-21,,
3102.6,1.17E-21,,
3102.6,1.11E-21,,
3102.5,1.05E-21,,
3102.4,1.00E-21,,
3102.4,9.64E-22,,
3102.3,9.09E-22,,
3102.3,8.64E-22,,
3102.2,8.29E-22,,
3102.1,7.91E-22,,
3102.1,7.59E-22,,
3102,7.31E-22,,
3102,6.97E-22,,
3101.9,6.76E-22,,
3101.8,6.64E-22,,
3101.8,6.40E-22,,
3101.7,6.18E-22,,
3101.6,5.97E-22,,
3101.6,5.81E-22,,
3101.5,5.69E-22,,
3101.5,5.58E-22,,
3101.4,5.56E-22,,
3101.3,5.55E-22,,
3101.3,5.59E-22,,
3101.2,5.43E-22,,
3101.2,5.36E-22,,
3101.1,5.37E-22,,
3101,5.33E-22,,
3101,5.40E-22,,
3100.9,5.44E-22,,
3100.9,5.70E-22,,
3100.8,6.34E-22,,
3100.7,8.25E-22,,
3100.7,9.63E-22,,
3100.6,8.57E-22,,
3100.6,7.02E-22,,
3100.5,5.97E-22,,
3100.4,5.72E-22,,
3100.4,6.22E-22,,
3100.3,7.46E-22,,
3100.3,7.07E-22,,
3100.2,6.64E-22,,
3100.1,7.52E-22,,
3100.1,9.66E-22,,
3100,1.24E-21,,
3100,1.33E-21,,
3099.9,1.23E-21,,
3099.8,1.18E-21,,
3099.8,1.49E-21,,
3099.7,2.41E-21,,
3099.7,3.36E-21,,
3099.6,2.98E-21,,
3099.5,3.14E-21,,
3099.5,4.33E-21,,
3099.4,3.73E-21,,
3099.4,2.23E-21,,
3099.3,1.50E-21,,
3099.2,1.15E-21,,
3099.2,9.66E-22,,
3099.1,8.93E-22,,
3099.1,7.82E-22,,
3099,6.74E-22,,
3098.9,6.56E-22,,
3098.9,6.74E-22,,
3098.8,7.17E-22,,
3098.8,7.44E-22,,
3098.7,7.75E-22,,
3098.6,8.31E-22,,
3098.6,8.58E-22,,
3098.5,9.29E-22,,
3098.5,8.72E-22,,
3098.4,7.55E-22,,
3098.3,7.30E-22,,
3098.3,6.99E-22,,
3098.2,6.55E-22,,
3098.2,6.46E-22,,
3098.1,6.54E-22,,
3098,6.70E-22,,
3098,6.88E-22,,
3097.9,7.27E-22,,
3097.9,7.45E-22,,
3097.8,7.71E-22,,
3097.7,8.10E-22,,
3097.7,8.94E-22,,
3097.6,9.28E-22,,
3097.6,9.16E-22,,
3097.5,9.15E-22,,
3097.4,9.49E-22,,
3097.4,9.93E-22,,
3097.3,1.05E-21,,
3097.2,1.10E-21,,
3097.2,1.15E-21,,
3097.1,1.21E-21,,
3097.1,1.29E-21,,
3097,1.38E-21,,
3096.9,1.44E-21,,
3096.9,1.53E-21,,
3096.8,1.64E-21,,
3096.8,1.80E-21,,
3096.7,2.13E-21,,
3096.6,2.80E-21,,
3096.6,2.77E-21,,
3096.5,2.51E-21,,
3096.5,2.67E-21,,
3096.4,2.95E-21,,
3096.3,3.50E-21,,
3096.3,4.26E-21,,
3096.2,4.72E-21,,
3096.2,4.84E-21,,
3096.1,5.38E-21,,
3096,6.18E-21,,
3096,7.03E-21,,
3095.9,8.03E-21,,
3095.9,9.61E-21,,
3095.8,1.20E-20,,
3095.7,1.59E-20,,
3095.7,2.28E-20,,
3095.6,3.07E-20,,
3095.6,4.16E-20,,
3095.5,6.90E-20,,
3095.4,1.42E-19,,
3095.4,3.18E-19,,
3095.3,3.56E-19,,
3095.3,2.96E-19,,
3095.2,4.32E-19,,
3095.1,6.04E-19,,
3095.1,5.27E-19,,
3095,2.49E-19,,
3095,1.07E-19,,
3094.9,5.64E-20,,
3094.8,3.49E-20,,
3094.8,2.40E-20,,
3094.7,1.78E-20,,
3094.7,1.40E-20,,
3094.6,1.13E-20,,
3094.5,9.48E-21,,
3094.5,8.11E-21,,
3094.4,7.08E-21,,
3094.4,6.28E-21,,
3094.3,5.64E-21,,
3094.2,5.40E-21,,
3094.2,5.45E-21,,
3094.1,5.34E-21,,
3094.1,4.38E-21,,
3094,3.48E-21,,
3093.9,3.01E-21,,
3093.9,2.69E-21,,
3093.8,2.51E-21,,
3093.8,2.34E-21,,
3093.7,2.11E-21,,
3093.6,1.93E-21,,
3093.6,1.82E-21,,
3093.5,1.80E-21,,
3093.5,1.84E-21,,
3093.4,1.72E-21,,
3093.3,1.57E-21,,
3093.3,1.55E-21,,
3093.2,1.59E-21,,
3093.2,1.56E-21,,
3093.1,1.37E-21,,
3093,1.24E-21,,
3093,1.21E-21,,
3092.9,1.32E-21,,
3092.9,1.41E-21,,
3092.8,1.29E-21,,
3092.7,1.14E-21,,
3092.7,1.07E-21,,
3092.6,1.02E-21,,
3092.5,9.87E-22,,
3092.5,1.03E-21,,
3092.4,1.26E-21,,
3092.4,1.51E-21,,
3092.3,1.23E-21,,
3092.2,9.48E-22,,
3092.2,8.57E-22,,
3092.1,8.37E-22,,
3092.1,8.84E-22,,
3092,1.01E-21,,
3091.9,9.76E-22,,
3091.9,8.03E-22,,
3091.8,7.38E-22,,
3091.8,7.10E-22,,
3091.7,6.99E-22,,
3091.6,6.97E-22,,
3091.6,7.40E-22,,
3091.5,9.06E-22,,
3091.5,1.24E-21,,
3091.4,1.27E-21,,
3091.3,9.81E-22,,
3091.3,8.29E-22,,
3091.2,7.51E-22,,
3091.2,7.04E-22,,
3091.1,6.88E-22,,
3091,6.48E-22,,
3091,6.22E-22,,
3090.9,6.14E-22,,
3090.9,6.20E-22,,
3090.8,6.33E-22,,
3090.7,6.47E-22,,
3090.7,6.48E-22,,
3090.6,6.58E-22,,
3090.6,6.78E-22,,
3090.5,7.15E-22,,
3090.4,7.70E-22,,
3090.4,8.36E-22,,
3090.3,9.34E-22,,
3090.3,1.09E-21,,
3090.2,1.32E-21,,
3090.1,1.50E-21,,
3090.1,1.77E-21,,
3090,2.60E-21,,
3090,3.61E-21,,
3089.9,4.66E-21,,
3089.8,5.04E-21,,
3089.8,6.18E-21,,
3089.7,7.02E-21,,
3089.7,4.38E-21,,
3089.6,2.49E-21,,
3089.5,1.68E-21,,
3089.5,1.31E-21,,
3089.4,1.11E-21,,
3089.4,9.97E-22,,
3089.3,9.43E-22,,
3089.2,9.16E-22,,
3089.2,9.16E-22,,
3089.1,9.43E-22,,
3089.1,1.05E-21,,
3089,1.14E-21,,
3088.9,1.17E-21,,
3088.9,1.20E-21,,
3088.8,1.22E-21,,
3088.8,1.25E-21,,
3088.7,1.47E-21,,
3088.6,1.62E-21,,
3088.6,1.38E-21,,
3088.5,1.20E-21,,
3088.5,1.20E-21,,
3088.4,1.27E-21,,
3088.3,1.30E-21,,
3088.3,1.29E-21,,
3088.2,1.34E-21,,
3088.1,1.43E-21,,
3088.1,1.53E-21,,
3088,1.54E-21,,
3088,1.61E-21,,
3087.9,1.76E-21,,
3087.8,2.10E-21,,
3087.8,2.41E-21,,
3087.7,2.55E-21,,
3087.7,2.91E-21,,
3087.6,3.05E-21,,
3087.5,2.88E-21,,
3087.5,2.81E-21,,
3087.4,2.87E-21,,
3087.4,3.00E-21,,
3087.3,3.16E-21,,
3087.2,3.37E-21,,
3087.2,3.66E-21,,
3087.1,4.02E-21,,
3087.1,4.38E-21,,
3087,4.83E-21,,
3086.9,5.39E-21,,
3086.9,6.08E-21,,
3086.8,6.94E-21,,
3086.8,8.01E-21,,
3086.7,9.37E-21,,
3086.6,1.12E-20,,
3086.6,1.35E-20,,
3086.5,1.68E-20,,
3086.5,2.17E-20,,
3086.4,2.97E-20,,
3086.3,4.24E-20,,
3086.3,6.15E-20,,
3086.2,1.01E-19,,
3086.2,1.99E-19,,
3086.1,4.51E-19,,
3086,6.93E-19,,
3086,6.08E-19,,
3085.9,6.46E-19,,
3085.9,8.05E-19,,
3085.8,4.91E-19,,
3085.7,1.99E-19,,
3085.7,9.78E-20,,
3085.6,5.79E-20,,
3085.6,3.87E-20,,
3085.5,2.77E-20,,
3085.4,2.07E-20,,
3085.4,1.63E-20,,
3085.3,1.33E-20,,
3085.3,1.12E-20,,
3085.2,9.98E-21,,
3085.1,9.38E-21,,
3085.1,8.47E-21,,
3085,7.00E-21,,
3085,5.83E-21,,
3084.9,5.14E-21,,
3084.8,4.58E-21,,
3084.8,4.10E-21,,
3084.7,3.69E-21,,
3084.7,3.35E-21,,
3084.6,3.09E-21,,
3084.5,2.92E-21,,
3084.5,2.80E-21,,
3084.4,2.62E-21,,
3084.4,2.43E-21,,
3084.3,2.28E-21,,
3084.2,2.13E-21,,
3084.2,2.04E-21,,
3084.1,2.05E-21,,
3084.1,1.97E-21,,
3084,1.96E-21,,
3083.9,2.09E-21,,
3083.9,2.22E-21,,
3083.8,2.26E-21,,
3083.8,2.33E-21,,
3083.7,2.21E-21,,
3083.6,1.77E-21,,
3083.6,1.51E-21,,
3083.5,1.45E-21,,
3083.4,1.44E-21,,
3083.4,1.38E-21,,
3083.3,1.23E-21,,
3083.3,1.09E-21,,
3083.2,1.02E-21,,
3083.1,9.69E-22,,
3083.1,9.39E-22,,
3083,9.21E-22,,
3083,8.81E-22,,
3082.9,8.55E-22,,
3082.8,8.50E-22,,
3082.8,8.53E-22,,
3082.7,8.44E-22,,
3082.7,8.31E-22,,
3082.6,8.39E-22,,
3082.5,8.62E-22,,
3082.5,9.68E-22,,
3082.4,1.10E-21,,
3082.4,1.35E-21,,
3082.3,1.67E-21,,
3082.2,2.10E-21,,
3082.2,3.04E-21,,
3082.1,3.02E-21,,
3082.1,2.03E-21,,
3082,1.45E-21,,
3081.9,1.49E-21,,
3081.9,1.62E-21,,
3081.8,1.52E-21,,
3081.8,1.35E-21,,
3081.7,9.80E-22,,
3081.6,8.29E-22,,
3081.6,7.64E-22,,
3081.5,6.93E-22,,
3081.5,6.56E-22,,
3081.4,6.53E-22,,
3081.3,6.95E-22,,
3081.3,7.31E-22,,
3081.2,7.15E-22,,
3081.2,6.83E-22,,
3081.1,6.83E-22,,
3081,6.92E-22,,
3081,6.61E-22,,
3080.9,6.39E-22,,
3080.9,6.36E-22,,
3080.8,6.52E-22,,
3080.7,6.92E-22,,
3080.7,7.82E-22,,
3080.6,9.55E-22,,
3080.6,9.92E-22,,
3080.5,9.02E-22,,
3080.4,9.62E-22,,
3080.4,1.05E-21,,
3080.3,1.14E-21,,
3080.3,1.41E-21,,
3080.2,2.05E-21,,
3080.1,2.58E-21,,
3080.1,3.06E-21,,
3080,3.22E-21,,
3080,2.16E-21,,
3079.9,1.38E-21,,
3079.8,1.06E-21,,
3079.8,9.30E-22,,
3079.7,8.66E-22,,
3079.7,8.49E-22,,
3079.6,8.47E-22,,
3079.5,8.59E-22,,
3079.5,8.93E-22,,
3079.4,9.81E-22,,
3079.4,1.14E-21,,
3079.3,1.41E-21,,
3079.2,1.71E-21,,
3079.2,1.84E-21,,
3079.1,1.97E-21,,
3079,2.62E-21,,
3079,3.06E-21,,
3078.9,2.33E-21,,
3078.9,2.11E-21,,
3078.8,2.57E-21,,
3078.7,3.10E-21,,
3078.7,2.62E-21,,
3078.6,1.76E-21,,
3078.6,1.49E-21,,
3078.5,1.42E-21,,
3078.4,1.44E-21,,
3078.4,1.49E-21,,
3078.3,1.57E-21,,
3078.3,1.64E-21,,
3078.2,1.73E-21,,
3078.1,1.88E-21,,
3078.1,2.04E-21,,
3078,2.17E-21,,
3078,2.35E-21,,
3077.9,2.55E-21,,
3077.8,2.81E-21,,
3077.8,3.08E-21,,
3077.7,3.32E-21,,
3077.7,3.66E-21,,
3077.6,4.11E-21,,
3077.5,4.71E-21,,
3077.5,5.48E-21,,
3077.4,6.44E-21,,
3077.4,7.68E-21,,
3077.3,9.13E-21,,
3077.2,1.06E-20,,
3077.2,1.27E-20,,
3077.1,1.60E-20,,
3077.1,2.15E-20,,
3077,3.12E-20,,
3076.9,4.77E-20,,
3076.9,7.39E-20,,
3076.8,1.34E-19,,
3076.8,2.88E-19,,
3076.7,4.83E-19,,
3076.6,4.95E-19,,
3076.6,5.17E-19,,
3076.5,3.63E-19,,
3076.5,1.54E-19,,
3076.4,7.60E-20,,
3076.3,4.44E-20,,
3076.3,2.93E-20,,
3076.2,2.13E-20,,
3076.2,1.68E-20,,
3076.1,1.37E-20,,
3076,1.12E-20,,
3076,9.63E-21,,
3075.9,8.24E-21,,
3075.9,6.69E-21,,
3075.8,5.58E-21,,
3075.7,4.77E-21,,
3075.7,4.19E-21,,
3075.6,3.74E-21,,
3075.6,3.39E-21,,
3075.5,3.11E-21,,
3075.4,2.89E-21,,
3075.4,2.69E-21,,
3075.3,2.45E-21,,
3075.3,2.27E-21,,
3075.2,2.16E-21,,
3075.1,2.01E-21,,
3075.1,1.84E-21,,
3075,1.71E-21,,
3075,1.61E-21,,
3074.9,1.57E-21,,
3074.8,1.49E-21,,
3074.8,1.36E-21,,
3074.7,1.28E-21,,
3074.7,1.25E-21,,
3074.6,1.28E-21,,
3074.5,1.37E-21,,
3074.5,1.30E-21,,
3074.4,1.13E-21,,
3074.3,1.04E-21,,
3074.3,9.89E-22,,
3074.2,9.61E-22,,
3074.2,9.61E-22,,
3074.1,9.96E-22,,
3074,1.08E-21,,
3074,1.12E-21,,
3073.9,1.12E-21,,
3073.9,1.14E-21,,
3073.8,1.22E-21,,
3073.7,1.25E-21,,
3073.7,1.44E-21,,
3073.6,1.93E-21,,
3073.6,2.40E-21,,
3073.5,2.27E-21,,
3073.4,2.29E-21,,
3073.4,2.43E-21,,
3073.3,2.22E-21,,
3073.3,2.31E-21,,
3073.2,2.58E-21,,
3073.1,2.25E-21,,
3073.1,1.55E-21,,
3073,1.15E-21,,
3073,9.53E-22,,
3072.9,9.07E-22,,
3072.8,9.15E-22,,
3072.8,1.10E-21,,
3072.7,1.50E-21,,
3072.7,1.93E-21,,
3072.6,2.04E-21,,
3072.5,2.05E-21,,
3072.5,1.70E-21,,
3072.4,1.12E-21,,
3072.4,8.32E-22,,
3072.3,7.16E-22,,
3072.2,6.77E-22,,
3072.2,6.57E-22,,
3072.1,7.10E-22,,
3072.1,8.04E-22,,
3072,8.70E-22,,
3071.9,8.03E-22,,
3071.9,7.15E-22,,
3071.8,6.94E-22,,
3071.8,7.17E-22,,
3071.7,7.65E-22,,
3071.6,8.16E-22,,
3071.6,8.52E-22,,
3071.5,8.57E-22,,
3071.5,1.01E-21,,
3071.4,1.29E-21,,
3071.3,1.51E-21,,
3071.3,1.54E-21,,
3071.2,1.24E-21,,
3071.2,1.01E-21,,
3071.1,1.00E-21,,
3071,9.61E-22,,
3071,9.71E-22,,
3070.9,1.08E-21,,
3070.9,1.03E-21,,
3070.8,9.61E-22,,
3070.7,1.04E-21,,
3070.7,1.33E-21,,
3070.6,1.86E-21,,
3070.6,2.00E-21,,
3070.5,1.84E-21,,
3070.4,1.68E-21,,
3070.4,1.69E-21,,
3070.3,2.04E-21,,
3070.3,2.55E-21,,
3070.2,3.00E-21,,
3070.1,2.87E-21,,
3070.1,2.29E-21,,
3070,1.75E-21,,
3069.9,1.44E-21,,
3069.9,1.28E-21,,
3069.8,1.26E-21,,
3069.8,1.33E-21,,
3069.7,1.39E-21,,
3069.6,1.42E-21,,
3069.6,1.49E-21,,
3069.5,1.69E-21,,
3069.5,1.83E-21,,
3069.4,1.98E-21,,
3069.3,2.06E-21,,
3069.3,2.30E-21,,
3069.2,2.69E-21,,
3069.2,2.46E-21,,
3069.1,2.06E-21,,
3069,1.94E-21,,
3069,1.98E-21,,
3068.9,2.04E-21,,
3068.9,2.09E-21,,
3068.8,2.21E-21,,
3068.7,2.37E-21,,
3068.7,2.58E-21,,
3068.6,2.82E-21,,
3068.6,3.13E-21,,
3068.5,3.41E-21,,
3068.4,3.66E-21,,
3068.4,3.96E-21,,
3068.3,4.39E-21,,
3068.3,4.85E-21,,
3068.2,5.38E-21,,
3068.1,6.08E-21,,
3068.1,6.96E-21,,
3068,8.06E-21,,
3068,9.41E-21,,
3067.9,1.12E-20,,
3067.8,1.35E-20,,
3067.8,1.69E-20,,
3067.7,2.15E-20,,
3067.7,2.83E-20,,
3067.6,3.92E-20,,
3067.5,5.83E-20,,
3067.5,9.31E-20,,
3067.4,1.66E-19,,
3067.4,3.57E-19,,
3067.3,7.08E-19,,
3067.2,7.89E-19,,
3067.2,5.86E-19,,
3067.1,3.14E-19,,
3067.1,1.47E-19,,
3067,8.04E-20,,
3066.9,5.07E-20,,
3066.9,3.48E-20,,
3066.8,2.54E-20,,
3066.8,1.94E-20,,
3066.7,1.55E-20,,
3066.6,1.27E-20,,
3066.6,1.06E-20,,
3066.5,8.97E-21,,
3066.5,7.75E-21,,
3066.4,6.72E-21,,
3066.3,5.95E-21,,
3066.3,5.32E-21,,
3066.2,4.74E-21,,
3066.2,4.25E-21,,
3066.1,3.85E-21,,
3066,3.50E-21,,
3066,3.20E-21,,
3065.9,2.94E-21,,
3065.9,2.71E-21,,
3065.8,2.51E-21,,
3065.7,2.34E-21,,
3065.7,2.20E-21,,
3065.6,2.09E-21,,
3065.6,1.99E-21,,
3065.5,1.87E-21,,
3065.4,1.75E-21,,
3065.4,1.65E-21,,
3065.3,1.56E-21,,
3065.2,1.48E-21,,
3065.2,1.42E-21,,
3065.1,1.38E-21,,
3065.1,1.33E-21,,
3065,1.27E-21,,
3064.9,1.21E-21,,
3064.9,1.14E-21,,
3064.8,1.08E-21,,
3064.8,1.04E-21,,
3064.7,1.00E-21,,
3064.6,9.71E-22,,
3064.6,9.46E-22,,
3064.5,9.23E-22,,
3064.5,9.03E-22,,
3064.4,8.82E-22,,
3064.3,8.82E-22,,
3064.3,9.04E-22,,
3064.2,9.95E-22,,
3064.2,1.09E-21,,
3064.1,1.03E-21,,
3064,9.07E-22,,
3064,8.17E-22,,
3063.9,7.69E-22,,
3063.9,7.47E-22,,
3063.8,7.25E-22,,
3063.7,7.29E-22,,
3063.7,7.21E-22,,
3063.6,7.23E-22,,
3063.6,7.31E-22,,
3063.5,7.50E-22,,
3063.4,7.77E-22,,
3063.4,8.59E-22,,
3063.3,9.88E-22,,
3063.3,1.25E-21,,
3063.2,1.65E-21,,
3063.1,2.07E-21,,
3063.1,2.33E-21,,
3063,2.30E-21,,
3063,1.94E-21,,
3062.9,1.31E-21,,
3062.8,9.67E-22,,
3062.8,8.63E-22,,
3062.7,9.36E-22,,
3062.7,1.01E-21,,
3062.6,8.77E-22,,
3062.5,7.26E-22,,
3062.5,6.68E-22,,
3062.4,6.71E-22,,
3062.4,6.86E-22,,
3062.3,6.41E-22,,
3062.2,6.14E-22,,
3062.2,6.23E-22,,
3062.1,6.49E-22,,
3062.1,7.10E-22,,
3062,8.74E-22,,
3061.9,1.15E-21,,
3061.9,1.13E-21,,
3061.8,9.19E-22,,
3061.8,8.79E-22,,
3061.7,9.52E-22,,
3061.6,9.15E-22,,
3061.6,8.31E-22,,
3061.5,8.68E-22,,
3061.5,8.75E-22,,
3061.4,8.13E-22,,
3061.3,7.41E-22,,
3061.3,7.22E-22,,
3061.2,7.13E-22,,
3061.2,7.22E-22,,
3061.1,7.55E-22,,
3061,8.20E-22,,
3061,9.53E-22,,
3060.9,1.43E-21,,
3060.8,2.48E-21,,
3060.8,2.65E-21,,
3060.7,1.72E-21,,
3060.7,1.09E-21,,
3060.6,9.23E-22,,
3060.5,8.81E-22,,
3060.5,8.81E-22,,
3060.4,9.09E-22,,
3060.4,9.56E-22,,
3060.3,9.93E-22,,
3060.2,1.06E-21,,
3060.2,1.23E-21,,
3060.1,1.50E-21,,
3060.1,1.49E-21,,
3060,1.32E-21,,
3059.9,1.26E-21,,
3059.9,1.24E-21,,
3059.8,1.30E-21,,
3059.8,1.42E-21,,
3059.7,1.55E-21,,
3059.6,1.52E-21,,
3059.6,1.51E-21,,
3059.5,1.57E-21,,
3059.5,1.65E-21,,
3059.4,1.72E-21,,
3059.3,1.83E-21,,
3059.3,1.95E-21,,
3059.2,2.08E-21,,
3059.2,2.21E-21,,
3059.1,2.39E-21,,
3059,2.60E-21,,
3059,2.87E-21,,
3058.9,3.15E-21,,
3058.9,3.43E-21,,
3058.8,3.80E-21,,
3058.7,4.20E-21,,
3058.7,4.67E-21,,
3058.6,5.26E-21,,
3058.6,6.00E-21,,
3058.5,6.93E-21,,
3058.4,8.08E-21,,
3058.4,9.56E-21,,
3058.3,1.16E-20,,
3058.3,1.43E-20,,
3058.2,1.82E-20,,
3058.1,2.36E-20,,
3058.1,3.23E-20,,
3058,4.78E-20,,
3058,7.50E-20,,
3057.9,1.23E-19,,
3057.8,2.35E-19,,
3057.8,5.12E-19,,
3057.7,7.76E-19,,
3057.7,5.56E-19,,
3057.6,2.43E-19,,
3057.5,1.18E-19,,
3057.5,6.77E-20,,
3057.4,4.34E-20,,
3057.4,3.01E-20,,
3057.3,2.21E-20,,
3057.2,1.69E-20,,
3057.2,1.34E-20,,
3057.1,1.10E-20,,
3057.1,9.16E-21,,
3057,7.78E-21,,
3056.9,6.67E-21,,
3056.9,5.80E-21,,
3056.8,5.12E-21,,
3056.8,4.57E-21,,
3056.7,4.08E-21,,
3056.6,3.69E-21,,
3056.6,3.43E-21,,
3056.5,3.16E-21,,
3056.5,2.81E-21,,
3056.4,2.53E-21,,
3056.3,2.32E-21,,
3056.3,2.14E-21,,
3056.2,1.98E-21,,
3056.1,1.85E-21,,
3056.1,1.74E-21,,
3056,1.64E-21,,
3056,1.60E-21,,
3055.9,1.62E-21,,
3055.8,1.52E-21,,
3055.8,1.35E-21,,
3055.7,1.28E-21,,
3055.7,1.21E-21,,
3055.6,1.15E-21,,
3055.5,1.08E-21,,
3055.5,1.04E-21,,
3055.4,1.01E-21,,
3055.4,1.05E-21,,
3055.3,1.10E-21,,
3055.2,1.02E-21,,
3055.2,9.28E-22,,
3055.1,9.26E-22,,
3055.1,9.79E-22,,
3055,1.07E-21,,
3054.9,1.07E-21,,
3054.9,9.52E-22,,
3054.8,8.41E-22,,
3054.8,7.71E-22,,
3054.7,7.51E-22,,
3054.6,7.84E-22,,
3054.6,7.42E-22,,
3054.5,6.62E-22,,
3054.5,6.17E-22,,
3054.4,6.01E-22,,
3054.3,5.96E-22,,
3054.3,5.99E-22,,
3054.2,6.37E-22,,
3054.2,6.45E-22,,
3054.1,6.39E-22,,
3054,6.27E-22,,
3054,6.41E-22,,
3053.9,7.29E-22,,
3053.9,8.87E-22,,
3053.8,9.17E-22,,
3053.7,8.40E-22,,
3053.7,9.32E-22,,
3053.6,1.23E-21,,
3053.6,1.57E-21,,
3053.5,1.90E-21,,
3053.4,2.30E-21,,
3053.4,2.23E-21,,
3053.3,1.57E-21,,
3053.3,1.08E-21,,
3053.2,7.93E-22,,
3053.1,6.43E-22,,
3053.1,5.94E-22,,
3053,6.38E-22,,
3053,7.44E-22,,
3052.9,6.85E-22,,
3052.8,5.45E-22,,
3052.8,4.80E-22,,
3052.7,4.58E-22,,
3052.7,4.82E-22,,
3052.6,4.88E-22,,
3052.5,4.35E-22,,
3052.5,4.16E-22,,
3052.4,4.17E-22,,
3052.4,4.15E-22,,
3052.3,4.19E-22,,
3052.2,4.61E-22,,
3052.2,4.93E-22,,
3052.1,4.64E-22,,
3052.1,4.52E-22,,
3052,4.70E-22,,
3051.9,4.72E-22,,
3051.9,4.62E-22,,
3051.8,4.74E-22,,
3051.7,5.30E-22,,
3051.7,5.46E-22,,
3051.6,4.87E-22,,
3051.6,4.38E-22,,
3051.5,4.31E-22,,
3051.4,4.24E-22,,
3051.4,4.19E-22,,
3051.3,4.17E-22,,
3051.3,4.16E-22,,
3051.2,4.19E-22,,
3051.1,4.26E-22,,
3051.1,4.31E-22,,
3051,4.53E-22,,
3051,4.67E-22,,
3050.9,4.66E-22,,
3050.8,4.79E-22,,
3050.8,4.97E-22,,
3050.7,5.09E-22,,
3050.7,5.09E-22,,
3050.6,5.32E-22,,
3050.5,5.69E-22,,
3050.5,5.69E-22,,
3050.4,5.72E-22,,
3050.4,6.09E-22,,
3050.3,6.74E-22,,
3050.2,6.95E-22,,
3050.2,6.76E-22,,
3050.1,6.82E-22,,
3050.1,7.00E-22,,
3050,7.48E-22,,
3049.9,8.10E-22,,
3049.9,8.73E-22,,
3049.8,9.79E-22,,
3049.8,1.02E-21,,
3049.7,9.95E-22,,
3049.6,1.01E-21,,
3049.6,1.07E-21,,
3049.5,1.16E-21,,
3049.5,1.27E-21,,
3049.4,1.37E-21,,
3049.3,1.48E-21,,
3049.3,1.64E-21,,
3049.2,1.82E-21,,
3049.2,2.03E-21,,
3049.1,2.29E-21,,
3049,2.68E-21,,
3049,3.28E-21,,
3048.9,3.86E-21,,
3048.9,4.18E-21,,
3048.8,4.74E-21,,
3048.7,5.75E-21,,
3048.7,7.28E-21,,
3048.6,9.05E-21,,
3048.6,1.13E-20,,
3048.5,1.53E-20,,
3048.4,2.23E-20,,
3048.4,3.63E-20,,
3048.3,6.52E-20,,
3048.3,1.28E-19,,
3048.2,2.74E-19,,
3048.1,3.17E-19,,
3048.1,1.54E-19,,
3048,7.12E-20,,
3048,3.82E-20,,
3047.9,2.34E-20,,
3047.8,1.57E-20,,
3047.8,1.13E-20,,
3047.7,8.56E-21,,
3047.7,6.74E-21,,
3047.6,5.45E-21,,
3047.5,4.51E-21,,
3047.5,3.80E-21,,
3047.4,3.26E-21,,
3047.4,2.82E-21,,
3047.3,2.48E-21,,
3047.2,2.21E-21,,
3047.2,1.98E-21,,
3047.1,1.76E-21,,
3047,1.59E-21,,
3047,1.45E-21,,
3046.9,1.33E-21,,
3046.9,1.22E-21,,
3046.8,1.14E-21,,
3046.7,1.06E-21,,
3046.7,9.99E-22,,
3046.6,9.31E-22,,
3046.6,8.68E-22,,
3046.5,8.20E-22,,
3046.4,7.79E-22,,
3046.4,7.58E-22,,
3046.3,7.37E-22,,
3046.3,7.16E-22,,
3046.2,7.27E-22,,
3046.1,8.56E-22,,
3046.1,1.02E-21,,
3046,1.04E-21,,
3046,8.63E-22,,
3045.9,7.01E-22,,
3045.8,6.00E-22,,
3045.8,5.35E-22,,
3045.7,4.87E-22,,
3045.7,4.58E-22,,
3045.6,4.41E-22,,
3045.5,4.29E-22,,
3045.5,4.10E-22,,
3045.4,3.96E-22,,
3045.4,3.85E-22,,
3045.3,3.75E-22,,
3045.2,3.68E-22,,
3045.2,3.67E-22,,
3045.1,3.66E-22,,
3045.1,3.78E-22,,
3045,4.01E-22,,
3044.9,4.23E-22,,
3044.9,4.12E-22,,
3044.8,4.64E-22,,
3044.8,4.90E-22,,
3044.7,4.07E-22,,
3044.6,3.73E-22,,
3044.6,3.85E-22,,
3044.5,3.74E-22,,
3044.5,3.54E-22,,
3044.4,3.58E-22,,
3044.3,3.94E-22,,
3044.3,4.40E-22,,
3044.2,5.30E-22,,
3044.2,6.85E-22,,
3044.1,7.62E-22,,
3044,7.93E-22,,
3044,1.04E-21,,
3043.9,1.52E-21,,
3043.9,1.77E-21,,
3043.8,1.67E-21,,
3043.7,1.30E-21,,
3043.7,9.46E-22,,
3043.6,8.07E-22,,
3043.6,6.53E-22,,
3043.5,4.87E-22,,
3043.4,3.98E-22,,
3043.4,3.40E-22,,
3043.3,3.14E-22,,
3043.3,3.02E-22,,
3043.2,3.13E-22,,
3043.1,3.09E-22,,
3043.1,3.19E-22,,
3043,3.37E-22,,
3043,3.35E-22,,
3042.9,3.48E-22,,
3042.8,4.05E-22,,
3042.8,5.62E-22,,
3042.7,6.96E-22,,
3042.6,7.88E-22,,
3042.6,1.25E-21,,
3042.5,1.15E-21,,
3042.5,9.02E-22,,
3042.4,1.25E-21,,
3042.3,9.85E-22,,
3042.3,5.47E-22,,
3042.2,4.35E-22,,
3042.2,4.19E-22,,
3042.1,5.16E-22,,
3042,5.43E-22,,
3042,3.96E-22,,
3041.9,3.10E-22,,
3041.9,2.81E-22,,
3041.8,2.74E-22,,
3041.7,2.79E-22,,
3041.7,2.95E-22,,
3041.6,2.82E-22,,
3041.6,2.70E-22,,
3041.5,2.70E-22,,
3041.4,2.79E-22,,
3041.4,2.81E-22,,
3041.3,2.78E-22,,
3041.3,2.79E-22,,
3041.2,2.85E-22,,
3041.1,2.94E-22,,
3041.1,2.94E-22,,
3041,2.94E-22,,
3041,2.96E-22,,
3040.9,3.12E-22,,
3040.8,3.27E-22,,
3040.8,3.67E-22,,
3040.7,4.16E-22,,
3040.7,4.20E-22,,
3040.6,4.06E-22,,
3040.5,4.15E-22,,
3040.5,4.46E-22,,
3040.4,5.28E-22,,
3040.4,5.89E-22,,
3040.3,5.64E-22,,
3040.2,5.36E-22,,
3040.2,5.20E-22,,
3040.1,5.03E-22,,
3040.1,5.18E-22,,
3040,5.29E-22,,
3039.9,5.65E-22,,
3039.9,5.93E-22,,
3039.8,6.50E-22,,
3039.8,7.06E-22,,
3039.7,7.83E-22,,
3039.6,8.60E-22,,
3039.6,9.82E-22,,
3039.5,1.18E-21,,
3039.5,1.51E-21,,
3039.4,1.71E-21,,
3039.3,1.77E-21,,
3039.3,1.88E-21,,
3039.2,1.95E-21,,
3039.2,2.16E-21,,
3039.1,2.53E-21,,
3039,3.07E-21,,
3039,3.81E-21,,
3038.9,4.90E-21,,
3038.9,6.55E-21,,
3038.8,9.32E-21,,
3038.7,1.44E-20,,
3038.7,2.51E-20,,
3038.6,4.85E-20,,
3038.6,1.04E-19,,
3038.5,1.59E-19,,
3038.4,9.64E-20,,
3038.4,4.27E-20,,
3038.3,2.19E-20,,
3038.3,1.30E-20,,
3038.2,8.78E-21,,
3038.1,6.47E-21,,
3038.1,4.88E-21,,
3038,3.73E-21,,
3037.9,3.03E-21,,
3037.9,2.48E-21,,
3037.8,2.06E-21,,
3037.8,1.75E-21,,
3037.7,1.53E-21,,
3037.6,1.36E-21,,
3037.6,1.24E-21,,
3037.5,1.12E-21,,
3037.5,1.02E-21,,
3037.4,9.77E-22,,
3037.3,1.01E-21,,
3037.3,9.80E-22,,
3037.2,8.79E-22,,
3037.2,7.89E-22,,
3037.1,7.15E-22,,
3037,6.69E-22,,
3037,6.10E-22,,
3036.9,5.55E-22,,
3036.9,5.10E-22,,
3036.8,4.76E-22,,
3036.7,4.48E-22,,
3036.7,4.31E-22,,
3036.6,4.14E-22,,
3036.6,3.99E-22,,
3036.5,3.76E-22,,
3036.4,3.71E-22,,
3036.4,3.63E-22,,
3036.3,3.64E-22,,
3036.3,3.76E-22,,
3036.2,3.77E-22,,
3036.1,3.37E-22,,
3036.1,3.18E-22,,
3036,3.08E-22,,
3036,3.04E-22,,
3035.9,2.94E-22,,
3035.8,3.01E-22,,
3035.8,3.11E-22,,
3035.7,3.12E-22,,
3035.7,2.96E-22,,
3035.6,2.94E-22,,
3035.5,2.83E-22,,
3035.5,2.74E-22,,
3035.4,2.77E-22,,
3035.4,2.87E-22,,
3035.3,2.97E-22,,
3035.2,3.24E-22,,
3035.2,3.98E-22,,
3035.1,4.31E-22,,
3035.1,3.99E-22,,
3035,3.98E-22,,
3034.9,4.76E-22,,
3034.9,6.99E-22,,
3034.8,9.87E-22,,
3034.8,9.45E-22,,
3034.7,6.71E-22,,
3034.6,4.65E-22,,
3034.6,3.75E-22,,
3034.5,3.40E-22,,
3034.5,3.29E-22,,
3034.4,3.52E-22,,
3034.3,4.10E-22,,
3034.3,4.24E-22,,
3034.2,4.81E-22,,
3034.2,6.38E-22,,
3034.1,9.10E-22,,
3034,8.41E-22,,
3034,5.33E-22,,
3033.9,4.02E-22,,
3033.9,3.36E-22,,
3033.8,2.81E-22,,
3033.7,2.58E-22,,
3033.7,2.56E-22,,
3033.6,2.60E-22,,
3033.5,2.54E-22,,
3033.5,2.45E-22,,
3033.4,2.55E-22,,
3033.4,2.72E-22,,
3033.3,2.91E-22,,
3033.2,3.18E-22,,
3033.2,3.13E-22,,
3033.1,2.74E-22,,
3033.1,2.58E-22,,
3033,2.46E-22,,
3032.9,2.51E-22,,
3032.9,2.43E-22,,
3032.8,2.65E-22,,
3032.8,2.78E-22,,
3032.7,3.05E-22,,
3032.6,2.84E-22,,
3032.6,2.79E-22,,
3032.5,2.73E-22,,
3032.5,3.11E-22,,
3032.4,3.25E-22,,
3032.3,3.45E-22,,
3032.3,3.59E-22,,
3032.2,4.64E-22,,
3032.2,6.53E-22,,
3032.1,1.33E-21,,
3032,1.69E-21,,
3032,1.18E-21,,
3031.9,1.24E-21,,
3031.9,1.22E-21,,
3031.8,1.03E-21,,
3031.7,7.07E-22,,
3031.7,4.73E-22,,
3031.6,4.21E-22,,
3031.6,3.79E-22,,
3031.5,3.61E-22,,
3031.4,3.38E-22,,
3031.4,3.58E-22,,
3031.3,3.90E-22,,
3031.3,4.12E-22,,
3031.2,3.87E-22,,
3031.1,3.92E-22,,
3031.1,4.01E-22,,
3031,4.02E-22,,
3031,3.75E-22,,
3030.9,3.82E-22,,
3030.8,3.93E-22,,
3030.8,4.16E-22,,
3030.7,4.22E-22,,
3030.7,4.22E-22,,
3030.6,4.35E-22,,
3030.5,4.60E-22,,
3030.5,4.87E-22,,
3030.4,5.14E-22,,
3030.4,5.65E-22,,
3030.3,6.33E-22,,
3030.2,7.20E-22,,
3030.2,7.35E-22,,
3030.1,6.83E-22,,
3030.1,6.87E-22,,
3030,7.18E-22,,
3029.9,7.68E-22,,
3029.9,8.25E-22,,
3029.8,8.95E-22,,
3029.8,9.82E-22,,
3029.7,1.08E-21,,
3029.6,1.21E-21,,
3029.6,1.38E-21,,
3029.5,1.58E-21,,
3029.5,1.82E-21,,
3029.4,2.13E-21,,
3029.3,2.53E-21,,
3029.3,3.11E-21,,
3029.2,3.92E-21,,
3029.2,5.06E-21,,
3029.1,6.73E-21,,
3029,9.64E-21,,
3029,1.51E-20,,
3028.9,2.69E-20,,
3028.8,5.66E-20,,
3028.8,1.32E-19,,
3028.7,1.67E-19,,
3028.7,8.05E-20,,
3028.6,3.50E-20,,
3028.5,1.85E-20,,
3028.5,1.14E-20,,
3028.4,7.72E-21,,
3028.4,5.64E-21,,
3028.3,4.32E-21,,
3028.2,3.43E-21,,
3028.2,2.82E-21,,
3028.1,2.37E-21,,
3028.1,2.05E-21,,
3028,1.82E-21,,
3027.9,1.65E-21,,
3027.9,1.52E-21,,
3027.8,1.36E-21,,
3027.8,1.21E-21,,
3027.7,1.10E-21,,
3027.6,1.02E-21,,
3027.6,9.53E-22,,
3027.5,9.06E-22,,
3027.5,8.96E-22,,
3027.4,9.34E-22,,
3027.3,1.02E-21,,
3027.3,1.06E-21,,
3027.2,9.08E-22,,
3027.2,7.66E-22,,
3027.1,6.90E-22,,
3027,6.52E-22,,
3027,6.47E-22,,
3026.9,6.47E-22,,
3026.9,6.73E-22,,
3026.8,7.20E-22,,
3026.7,6.75E-22,,
3026.7,6.09E-22,,
3026.6,5.79E-22,,
3026.6,5.41E-22,,
3026.5,5.36E-22,,
3026.4,5.39E-22,,
3026.4,5.57E-22,,
3026.3,5.35E-22,,
3026.3,5.28E-22,,
3026.2,5.17E-22,,
3026.1,5.41E-22,,
3026.1,5.50E-22,,
3026,5.66E-22,,
3026,5.73E-22,,
3025.9,5.85E-22,,
3025.8,6.23E-22,,
3025.8,6.97E-22,,
3025.7,8.12E-22,,
3025.7,8.75E-22,,
3025.6,8.51E-22,,
3025.5,8.81E-22,,
3025.5,9.27E-22,,
3025.4,1.05E-21,,
3025.4,1.22E-21,,
3025.3,1.07E-21,,
3025.2,8.29E-22,,
3025.2,7.55E-22,,
3025.1,8.46E-22,,
3025.1,9.77E-22,,
3025,9.38E-22,,
3024.9,9.78E-22,,
3024.9,1.32E-21,,
3024.8,2.42E-21,,
3024.8,5.37E-21,,
3024.7,5.18E-21,,
3024.6,2.40E-21,,
3024.6,1.54E-21,,
3024.5,1.22E-21,,
3024.4,9.84E-22,,
3024.4,8.91E-22,,
3024.3,1.04E-21,,
3024.3,1.22E-21,,
3024.2,1.07E-21,,
3024.1,8.39E-22,,
3024.1,7.27E-22,,
3024,6.74E-22,,
3024,6.54E-22,,
3023.9,6.50E-22,,
3023.8,6.51E-22,,
3023.8,6.47E-22,,
3023.7,6.53E-22,,
3023.7,6.73E-22,,
3023.6,7.06E-22,,
3023.5,7.42E-22,,
3023.5,7.48E-22,,
3023.4,7.43E-22,,
3023.4,7.28E-22,,
3023.3,7.47E-22,,
3023.2,7.57E-22,,
3023.2,8.02E-22,,
3023.1,8.72E-22,,
3023.1,1.08E-21,,
3023,1.23E-21,,
3022.9,1.11E-21,,
3022.9,9.73E-22,,
3022.8,9.26E-22,,
3022.8,9.26E-22,,
3022.7,9.46E-22,,
3022.6,9.55E-22,,
3022.6,9.55E-22,,
3022.5,9.72E-22,,
3022.5,1.02E-21,,
3022.4,1.05E-21,,
3022.3,1.08E-21,,
3022.3,1.13E-21,,
3022.2,1.20E-21,,
3022.2,1.25E-21,,
3022.1,1.33E-21,,
3022,1.46E-21,,
3022,1.64E-21,,
3021.9,1.90E-21,,
3021.9,2.31E-21,,
3021.8,2.80E-21,,
3021.7,3.13E-21,,
3021.7,3.77E-21,,
3021.6,5.20E-21,,
3021.6,8.26E-21,,
3021.5,1.27E-20,,
3021.4,1.65E-20,,
3021.4,1.79E-20,,
3021.3,1.62E-20,,
3021.3,1.36E-20,,
3021.2,1.52E-20,,
3021.1,1.61E-20,,
3021.1,1.41E-20,,
3021,1.28E-20,,
3021,1.19E-20,,
3020.9,1.16E-20,,
3020.8,1.08E-20,,
3020.8,9.79E-21,,
3020.7,7.96E-21,,
3020.7,6.87E-21,,
3020.6,6.55E-21,,
3020.5,6.60E-21,,
3020.5,6.26E-21,,
3020.4,6.08E-21,,
3020.4,5.59E-21,,
3020.3,4.87E-21,,
3020.2,4.61E-21,,
3020.2,4.64E-21,,
3020.1,4.71E-21,,
3020.1,4.74E-21,,
3020,4.86E-21,,
3019.9,4.92E-21,,
3019.9,5.10E-21,,
3019.8,5.36E-21,,
3019.7,5.68E-21,,
3019.7,6.07E-21,,
3019.6,6.58E-21,,
3019.6,7.12E-21,,
3019.5,7.76E-21,,
3019.4,8.52E-21,,
3019.4,9.53E-21,,
3019.3,1.08E-20,,
3019.3,1.25E-20,,
3019.2,1.47E-20,,
3019.1,1.78E-20,,
3019.1,2.25E-20,,
3019,3.02E-20,,
3019,4.32E-20,,
3018.9,7.12E-20,,
3018.8,1.31E-19,,
3018.8,1.63E-19,,
3018.7,1.79E-19,,
3018.7,2.78E-19,,
3018.6,3.84E-19,,
3018.5,4.53E-19,,
3018.5,3.73E-19,,
3018.4,2.88E-19,,
3018.4,3.27E-19,,
3018.3,3.58E-19,,
3018.2,4.28E-19,,
3018.2,3.71E-19,,
3018.1,2.18E-19,,
3018.1,1.58E-19,,
3018,1.65E-19,,
3017.9,2.46E-19,,
3017.9,4.39E-19,,
3017.8,6.29E-19,,
3017.8,6.55E-19,,
3017.7,5.35E-19,,
3017.6,3.34E-19,,
3017.6,2.42E-19,,
3017.5,2.96E-19,,
3017.5,3.95E-19,,
3017.4,3.77E-19,,
3017.3,4.20E-19,,
3017.3,5.01E-19,,
3017.2,4.99E-19,,
3017.2,3.84E-19,,
3017.1,2.35E-19,,
3017,1.67E-19,,
3017,1.88E-19,,
3016.9,2.06E-19,,
3016.9,1.61E-19,,
3016.8,1.70E-19,,
3016.7,2.49E-19,,
3016.7,3.25E-19,,
3016.6,4.38E-19,,
3016.6,6.02E-19,,
3016.5,6.71E-19,,
3016.4,4.87E-19,,
3016.4,3.27E-19,,
3016.3,2.51E-19,,
3016.3,1.58E-19,,
3016.2,1.01E-19,,
3016.1,8.55E-20,,
3016.1,9.88E-20,,
3016,1.44E-19,,
3016,1.59E-19,,
3015.9,1.67E-19,,
3015.8,2.72E-19,,
3015.8,3.32E-19,,
3015.7,3.66E-19,,
3015.7,4.03E-19,,
3015.6,2.74E-19,,
3015.5,1.41E-19,,
3015.5,8.29E-20,,
3015.4,6.35E-20,,
3015.3,6.35E-20,,
3015.3,8.52E-20,,
3015.2,1.44E-19,,
3015.2,1.64E-19,,
3015.1,1.65E-19,,
3015,1.99E-19,,
3015,1.89E-19,,
3014.9,1.65E-19,,
3014.9,1.59E-19,,
3014.8,2.14E-19,,
3014.7,3.46E-19,,
3014.7,3.59E-19,,
3014.6,2.06E-19,,
3014.6,1.01E-19,,
3014.5,5.76E-20,,
3014.4,4.63E-20,,
3014.4,5.42E-20,,
3014.3,7.63E-20,,
3014.3,8.26E-20,,
3014.2,9.02E-20,,
3014.1,1.13E-19,,
3014.1,1.17E-19,,
3014,7.54E-20,,
3014,4.66E-20,,
3013.9,4.60E-20,,
3013.8,6.90E-20,,
3013.8,1.18E-19,,
3013.7,1.74E-19,,
3013.7,1.27E-19,,
3013.6,8.24E-20,,
3013.5,7.04E-20,,
3013.5,6.17E-20,,
3013.4,5.43E-20,,
3013.4,3.90E-20,,
3013.3,3.41E-20,,
3013.2,4.84E-20,,
3013.2,8.99E-20,,
3013.1,1.22E-19,,
3013.1,9.65E-20,,
3013,5.37E-20,,
3012.9,4.68E-20,,
3012.9,5.24E-20,,
3012.8,4.86E-20,,
3012.8,5.17E-20,,
3012.7,8.52E-20,,
3012.6,1.75E-19,,
3012.6,1.54E-19,,
3012.5,6.75E-20,,
3012.5,3.46E-20,,
3012.4,2.10E-20,,
3012.3,1.78E-20,,
3012.3,2.28E-20,,
3012.2,2.98E-20,,
3012.2,2.54E-20,,
3012.1,3.43E-20,,
3012,4.70E-20,,
3012,3.53E-20,,
3011.9,2.80E-20,,
3011.9,2.79E-20,,
3011.8,2.95E-20,,
3011.7,2.51E-20,,
3011.7,2.05E-20,,
3011.6,2.04E-20,,
3011.6,2.27E-20,,
3011.5,4.04E-20,,
3011.4,7.52E-20,,
3011.4,4.10E-20,,
3011.3,1.90E-20,,
3011.3,1.52E-20,,
3011.2,1.22E-20,,
3011.1,9.22E-21,,
3011.1,9.67E-21,,
3011,1.31E-20,,
3011,2.78E-20,,
3010.9,4.68E-20,,
3010.8,3.81E-20,,
3010.8,3.01E-20,,
3010.7,2.66E-20,,
3010.6,2.32E-20,,
3010.6,1.65E-20,,
3010.5,1.27E-20,,
3010.5,1.15E-20,,
3010.4,9.78E-21,,
3010.3,1.10E-20,,
3010.3,1.78E-20,,
3010.2,4.63E-20,,
3010.2,7.89E-20,,
3010.1,3.43E-20,,
3010,1.35E-20,,
3010,8.13E-21,,
3009.9,6.56E-21,,
3009.9,6.96E-21,,
3009.8,8.80E-21,,
3009.7,1.21E-20,,
3009.7,1.84E-20,,
3009.6,1.61E-20,,
3009.6,1.12E-20,,
3009.5,8.41E-21,,
3009.4,6.21E-21,,
3009.4,6.63E-21,,
3009.3,8.73E-21,,
3009.3,1.09E-20,,
3009.2,1.07E-20,,
3009.1,1.33E-20,,
3009.1,2.26E-20,,
3009,4.12E-20,,
3009,3.73E-20,,
3008.9,3.13E-20,,
3008.8,3.79E-20,,
3008.8,2.29E-20,,
3008.7,1.49E-20,,
3008.7,1.18E-20,,
3008.6,9.82E-21,,
3008.5,9.89E-21,,
3008.5,1.18E-20,,
3008.4,1.92E-20,,
3008.4,1.91E-20,,
3008.3,1.10E-20,,
3008.2,7.79E-21,,
3008.2,7.38E-21,,
3008.1,8.66E-21,,
3008.1,1.05E-20,,
3008,1.36E-20,,
3007.9,1.46E-20,,
3007.9,1.06E-20,,
3007.8,7.70E-21,,
3007.8,7.87E-21,,
3007.7,1.06E-20,,
3007.6,1.22E-20,,
3007.6,1.22E-20,,
3007.5,1.83E-20,,
3007.5,3.21E-20,,
3007.4,1.99E-20,,
3007.3,9.62E-21,,
3007.3,7.38E-21,,
3007.2,6.75E-21,,
3007.2,7.55E-21,,
3007.1,8.88E-21,,
3007,8.65E-21,,
3007,7.50E-21,,
3006.9,9.20E-21,,
3006.9,1.22E-20,,
3006.8,1.29E-20,,
3006.7,9.49E-21,,
3006.7,5.95E-21,,
3006.6,5.89E-21,,
3006.6,6.26E-21,,
3006.5,4.57E-21,,
3006.4,3.38E-21,,
3006.4,3.17E-21,,
3006.3,3.50E-21,,
3006.2,4.03E-21,,
3006.2,4.01E-21,,
3006.1,4.97E-21,,
3006.1,7.20E-21,,
3006,1.27E-20,,
3005.9,1.11E-20,,
3005.9,5.77E-21,,
3005.8,4.33E-21,,
3005.8,4.82E-21,,
3005.7,5.39E-21,,
3005.6,3.23E-21,,
3005.6,2.50E-21,,
3005.5,2.87E-21,,
3005.5,3.11E-21,,
3005.4,3.26E-21,,
3005.3,3.87E-21,,
3005.3,3.63E-21,,
3005.2,3.96E-21,,
3005.2,6.23E-21,,
3005.1,7.06E-21,,
3005,4.32E-21,,
3005,3.03E-21,,
3004.9,2.92E-21,,
3004.9,2.61E-21,,
3004.8,2.22E-21,,
3004.7,1.97E-21,,
3004.7,1.86E-21,,
3004.6,2.15E-21,,
3004.6,2.91E-21,,
3004.5,5.35E-21,,
3004.4,8.81E-21,,
3004.4,5.10E-21,,
3004.3,2.74E-21,,
3004.3,2.15E-21,,
3004.2,2.45E-21,,
3004.1,2.87E-21,,
3004.1,2.16E-21,,
3004,1.47E-21,,
3004,1.23E-21,,
3003.9,1.26E-21,,
3003.8,1.43E-21,,
3003.8,1.61E-21,,
3003.7,1.88E-21,,
3003.7,2.09E-21,,
3003.6,1.98E-21,,
3003.5,2.24E-21,,
3003.5,2.70E-21,,
3003.4,2.26E-21,,
3003.4,1.86E-21,,
3003.3,1.74E-21,,
3003.2,1.87E-21,,
3003.2,2.10E-21,,
3003.1,3.18E-21,,
3003.1,2.92E-21,,
3003,1.79E-21,,
3002.9,1.68E-21,,
3002.9,2.82E-21,,
3002.8,2.66E-21,,
3002.8,1.27E-21,,
3002.7,1.01E-21,,
3002.6,8.37E-22,,
3002.6,9.81E-22,,
3002.5,1.14E-21,,
3002.5,1.29E-21,,
3002.4,1.07E-21,,
3002.3,9.51E-22,,
3002.3,9.47E-22,,
3002.2,1.09E-21,,
3002.2,1.33E-21,,
3002.1,1.77E-21,,
3002,1.79E-21,,
3002,1.82E-21,,
3001.9,1.48E-21,,
3001.9,1.09E-21,,
3001.8,1.02E-21,,
3001.7,9.89E-22,,
3001.7,1.04E-21,,
3001.6,1.06E-21,,
3001.5,1.03E-21,,
3001.5,1.02E-21,,
3001.4,1.23E-21,,
3001.4,1.65E-21,,
3001.3,1.47E-21,,
3001.2,1.56E-21,,
3001.2,2.23E-21,,
3001.1,1.44E-21,,
3001.1,1.08E-21,,
3001,9.53E-22,,
3000.9,8.18E-22,,
3000.9,7.89E-22,,
3000.8,8.97E-22,,
3000.8,1.39E-21,,
3000.7,1.54E-21,,
3000.6,1.11E-21,,
3000.6,1.01E-21,,
3000.5,1.05E-21,,
3000.5,1.17E-21,,
3000.4,1.17E-21,,
3000.3,1.19E-21,,
3000.3,1.31E-21,,
3000.2,1.49E-21,,
3000.2,1.69E-21,,
3000.1,1.53E-21,,
3000,1.42E-21,,
3000,1.43E-21,,
2999.9,1.46E-21,,
2999.9,1.55E-21,,
2999.8,1.69E-21,,
2999.7,1.87E-21,,
2999.7,2.14E-21,,
2999.6,2.53E-21,,
2999.6,3.09E-21,,
2999.5,4.12E-21,,
2999.4,5.31E-21,,
2999.4,6.74E-21,,
2999.3,9.49E-21,,
2999.3,1.31E-20,,
2999.2,2.08E-20,,
2999.1,4.07E-20,,
2999.1,8.41E-20,,
2999,1.23E-19,,
2999,9.55E-20,,
2998.9,4.55E-20,,
2998.8,2.22E-20,,
2998.8,1.29E-20,,
2998.7,8.50E-21,,
2998.7,6.16E-21,,
2998.6,5.18E-21,,
2998.5,4.46E-21,,
2998.5,3.87E-21,,
2998.4,3.42E-21,,
2998.4,2.95E-21,,
2998.3,2.36E-21,,
2998.2,1.90E-21,,
2998.2,1.71E-21,,
2998.1,1.85E-21,,
2998.1,2.16E-21,,
2998,3.08E-21,,
2997.9,3.82E-21,,
2997.9,2.49E-21,,
2997.8,1.51E-21,,
2997.8,1.29E-21,,
2997.7,1.21E-21,,
2997.6,8.86E-22,,
2997.6,7.37E-22,,
2997.5,6.74E-22,,
2997.5,6.28E-22,,
2997.4,5.92E-22,,
2997.3,5.62E-22,,
2997.3,5.42E-22,,
2997.2,5.29E-22,,
2997.1,5.39E-22,,
2997.1,5.90E-22,,
2997,7.68E-22,,
2997,8.81E-22,,
2996.9,7.98E-22,,
2996.8,6.99E-22,,
2996.8,6.73E-22,,
2996.7,7.43E-22,,
2996.7,9.84E-22,,
2996.6,1.25E-21,,
2996.5,1.06E-21,,
2996.5,7.28E-22,,
2996.4,6.09E-22,,
2996.4,5.53E-22,,
2996.3,5.51E-22,,
2996.2,5.96E-22,,
2996.2,7.11E-22,,
2996.1,6.38E-22,,
2996.1,4.87E-22,,
2996,3.91E-22,,
2995.9,3.76E-22,,
2995.9,3.80E-22,,
2995.8,3.36E-22,,
2995.8,3.01E-22,,
2995.7,3.08E-22,,
2995.6,3.19E-22,,
2995.6,3.22E-22,,
2995.5,3.02E-22,,
2995.5,3.09E-22,,
2995.4,3.08E-22,,
2995.3,3.02E-22,,
2995.3,3.06E-22,,
2995.2,3.54E-22,,
2995.2,3.96E-22,,
2995.1,3.67E-22,,
2995,3.27E-22,,
2995,3.34E-22,,
2994.9,3.68E-22,,
2994.9,3.84E-22,,
2994.8,3.60E-22,,
2994.7,3.80E-22,,
2994.7,4.33E-22,,
2994.6,5.69E-22,,
2994.6,9.23E-22,,
2994.5,1.69E-21,,
2994.4,1.71E-21,,
2994.4,9.83E-22,,
2994.3,7.27E-22,,
2994.3,6.63E-22,,
2994.2,8.18E-22,,
2994.1,9.96E-22,,
2994.1,8.31E-22,,
2994,5.75E-22,,
2994,4.83E-22,,
2993.9,4.96E-22,,
2993.8,5.21E-22,,
2993.8,4.68E-22,,
2993.7,4.12E-22,,
2993.7,3.77E-22,,
2993.6,3.90E-22,,
2993.5,3.76E-22,,
2993.5,4.02E-22,,
2993.4,4.47E-22,,
2993.4,5.14E-22,,
2993.3,6.07E-22,,
2993.2,8.85E-22,,
2993.2,1.09E-21,,
2993.1,7.95E-22,,
2993.1,5.12E-22,,
2993,4.14E-22,,
2992.9,3.94E-22,,
2992.9,3.91E-22,,
2992.8,3.87E-22,,
2992.8,3.64E-22,,
2992.7,3.64E-22,,
2992.6,3.99E-22,,
2992.6,4.92E-22,,
2992.5,5.44E-22,,
2992.4,4.77E-22,,
2992.4,4.41E-22,,
2992.3,4.88E-22,,
2992.3,5.55E-22,,
2992.2,5.10E-22,,
2992.1,4.44E-22,,
2992.1,4.33E-22,,
2992,4.37E-22,,
2992,4.48E-22,,
2991.9,4.31E-22,,
2991.8,4.34E-22,,
2991.8,4.53E-22,,
2991.7,4.72E-22,,
2991.7,4.64E-22,,
2991.6,4.59E-22,,
2991.5,4.64E-22,,
2991.5,4.83E-22,,
2991.4,4.97E-22,,
2991.4,5.11E-22,,
2991.3,5.29E-22,,
2991.2,5.62E-22,,
2991.2,5.98E-22,,
2991.1,6.25E-22,,
2991.1,6.42E-22,,
2991,6.78E-22,,
2990.9,7.09E-22,,
2990.9,7.29E-22,,
2990.8,7.56E-22,,
2990.8,8.10E-22,,
2990.7,8.77E-22,,
2990.6,9.34E-22,,
2990.6,9.96E-22,,
2990.5,1.06E-21,,
2990.5,1.13E-21,,
2990.4,1.26E-21,,
2990.3,1.40E-21,,
2990.3,1.50E-21,,
2990.2,1.60E-21,,
2990.2,1.77E-21,,
2990.1,2.02E-21,,
2990,2.49E-21,,
2990,3.09E-21,,
2989.9,3.53E-21,,
2989.9,3.82E-21,,
2989.8,3.81E-21,,
2989.7,4.20E-21,,
2989.7,4.70E-21,,
2989.6,5.02E-21,,
2989.6,5.69E-21,,
2989.5,6.81E-21,,
2989.4,8.46E-21,,
2989.4,1.09E-20,,
2989.3,1.47E-20,,
2989.3,2.10E-20,,
2989.2,3.34E-20,,
2989.1,6.09E-20,,
2989.1,1.24E-19,,
2989,1.91E-19,,
2989,2.13E-19,,
2988.9,2.02E-19,,
2988.8,2.17E-19,,
2988.8,2.21E-19,,
2988.7,1.14E-19,,
2988.7,5.48E-20,,
2988.6,3.07E-20,,
2988.5,1.99E-20,,
2988.5,1.40E-20,,
2988.4,1.05E-20,,
2988.4,8.41E-21,,
2988.3,6.85E-21,,
2988.2,5.62E-21,,
2988.2,4.78E-21,,
2988.1,4.20E-21,,
2988,3.80E-21,,
2988,3.56E-21,,
2987.9,3.71E-21,,
2987.9,3.70E-21,,
2987.8,2.90E-21,,
2987.7,2.33E-21,,
2987.7,2.04E-21,,
2987.6,1.81E-21,,
2987.6,1.67E-21,,
2987.5,1.53E-21,,
2987.4,1.44E-21,,
2987.4,1.37E-21,,
2987.3,1.31E-21,,
2987.3,1.38E-21,,
2987.2,1.43E-21,,
2987.1,1.24E-21,,
2987.1,1.01E-21,,
2987,8.85E-22,,
2987,8.16E-22,,
2986.9,7.68E-22,,
2986.8,7.34E-22,,
2986.8,7.15E-22,,
2986.7,7.19E-22,,
2986.7,7.06E-22,,
2986.6,6.85E-22,,
2986.5,6.86E-22,,
2986.5,6.71E-22,,
2986.4,6.58E-22,,
2986.4,6.54E-22,,
2986.3,6.03E-22,,
2986.2,5.62E-22,,
2986.2,5.49E-22,,
2986.1,5.28E-22,,
2986.1,4.96E-22,,
2986,4.72E-22,,
2985.9,4.58E-22,,
2985.9,4.64E-22,,
2985.8,4.92E-22,,
2985.8,4.89E-22,,
2985.7,4.47E-22,,
2985.6,4.40E-22,,
2985.6,4.62E-22,,
2985.5,5.11E-22,,
2985.5,5.82E-22,,
2985.4,6.61E-22,,
2985.3,6.26E-22,,
2985.3,5.07E-22,,
2985.2,4.27E-22,,
2985.2,3.92E-22,,
2985.1,3.75E-22,,
2985,3.74E-22,,
2985,3.94E-22,,
2984.9,4.12E-22,,
2984.9,4.10E-22,,
2984.8,4.28E-22,,
2984.7,4.85E-22,,
2984.7,4.94E-22,,
2984.6,4.45E-22,,
2984.6,3.90E-22,,
2984.5,3.84E-22,,
2984.4,3.73E-22,,
2984.4,3.56E-22,,
2984.3,3.55E-22,,
2984.3,3.71E-22,,
2984.2,4.00E-22,,
2984.1,4.60E-22,,
2984.1,4.99E-22,,
2984,4.76E-22,,
2984,4.75E-22,,
2983.9,4.94E-22,,
2983.8,5.32E-22,,
2983.8,5.40E-22,,
2983.7,5.01E-22,,
2983.7,4.77E-22,,
2983.6,4.17E-22,,
2983.5,3.98E-22,,
2983.5,4.00E-22,,
2983.4,4.37E-22,,
2983.3,4.58E-22,,
2983.3,4.36E-22,,
2983.2,4.22E-22,,
2983.2,4.50E-22,,
2983.1,5.10E-22,,
2983,6.13E-22,,
2983,7.56E-22,,
2982.9,7.76E-22,,
2982.9,6.97E-22,,
2982.8,7.73E-22,,
2982.7,1.05E-21,,
2982.7,2.01E-21,,
2982.6,3.03E-21,,
2982.6,2.02E-21,,
2982.5,1.07E-21,,
2982.4,7.81E-22,,
2982.4,6.69E-22,,
2982.3,6.86E-22,,
2982.3,7.44E-22,,
2982.2,6.99E-22,,
2982.1,6.06E-22,,
2982.1,5.88E-22,,
2982,5.74E-22,,
2982,6.17E-22,,
2981.9,6.48E-22,,
2981.8,7.08E-22,,
2981.8,7.65E-22,,
2981.7,9.53E-22,,
2981.7,1.30E-21,,
2981.6,2.07E-21,,
2981.5,2.76E-21,,
2981.5,3.81E-21,,
2981.4,3.71E-21,,
2981.4,2.56E-21,,
2981.3,2.08E-21,,
2981.2,1.79E-21,,
2981.2,1.87E-21,,
2981.1,2.04E-21,,
2981.1,1.97E-21,,
2981,1.52E-21,,
2980.9,1.36E-21,,
2980.9,1.49E-21,,
2980.8,1.51E-21,,
2980.8,1.33E-21,,
2980.7,1.25E-21,,
2980.6,1.24E-21,,
2980.6,1.29E-21,,
2980.5,1.37E-21,,
2980.5,1.51E-21,,
2980.4,1.64E-21,,
2980.3,1.72E-21,,
2980.3,1.85E-21,,
2980.2,2.02E-21,,
2980.2,2.22E-21,,
2980.1,2.48E-21,,
2980,2.87E-21,,
2980,3.21E-21,,
2979.9,3.45E-21,,
2979.9,3.73E-21,,
2979.8,4.27E-21,,
2979.7,4.89E-21,,
2979.7,5.46E-21,,
2979.6,6.20E-21,,
2979.6,7.35E-21,,
2979.5,8.89E-21,,
2979.4,1.11E-20,,
2979.4,1.42E-20,,
2979.3,1.92E-20,,
2979.3,2.74E-20,,
2979.2,4.31E-20,,
2979.1,7.63E-20,,
2979.1,1.57E-19,,
2979,2.82E-19,,
2978.9,2.97E-19,,
2978.9,2.67E-19,,
2978.8,2.08E-19,,
2978.8,1.36E-19,,
2978.7,1.34E-19,,
2978.6,1.64E-19,,
2978.6,1.04E-19,,
2978.5,4.96E-20,,
2978.5,2.79E-20,,
2978.4,1.82E-20,,
2978.3,1.31E-20,,
2978.3,1.02E-20,,
2978.2,8.60E-21,,
2978.2,7.03E-21,,
2978.1,5.63E-21,,
2978,4.74E-21,,
2978,4.11E-21,,
2977.9,3.61E-21,,
2977.9,3.20E-21,,
2977.8,2.84E-21,,
2977.7,2.52E-21,,
2977.7,2.28E-21,,
2977.6,2.09E-21,,
2977.6,1.95E-21,,
2977.5,1.84E-21,,
2977.4,1.79E-21,,
2977.4,1.84E-21,,
2977.3,1.87E-21,,
2977.3,1.60E-21,,
2977.2,1.46E-21,,
2977.1,1.37E-21,,
2977.1,1.20E-21,,
2977,1.08E-21,,
2977,1.02E-21,,
2976.9,9.77E-22,,
2976.8,9.46E-22,,
2976.8,9.19E-22,,
2976.7,8.93E-22,,
2976.7,8.98E-22,,
2976.6,9.71E-22,,
2976.5,1.18E-21,,
2976.5,1.56E-21,,
2976.4,1.59E-21,,
2976.4,1.29E-21,,
2976.3,1.07E-21,,
2976.2,8.43E-22,,
2976.2,7.59E-22,,
2976.1,7.44E-22,,
2976.1,8.53E-22,,
2976,9.69E-22,,
2975.9,1.14E-21,,
2975.9,1.22E-21,,
2975.8,1.30E-21,,
2975.8,1.39E-21,,
2975.7,1.10E-21,,
2975.6,7.46E-22,,
2975.6,6.14E-22,,
2975.5,5.49E-22,,
2975.5,5.27E-22,,
2975.4,5.33E-22,,
2975.3,5.88E-22,,
2975.3,7.29E-22,,
2975.2,1.09E-21,,
2975.2,1.57E-21,,
2975.1,1.41E-21,,
2975,1.11E-21,,
2975,1.00E-21,,
2974.9,8.40E-22,,
2974.9,7.11E-22,,
2974.8,5.77E-22,,
2974.7,4.87E-22,,
2974.7,4.18E-22,,
2974.6,3.98E-22,,
2974.6,3.90E-22,,
2974.5,3.78E-22,,
2974.4,3.64E-22,,
2974.4,3.64E-22,,
2974.3,3.76E-22,,
2974.2,3.69E-22,,
2974.2,3.75E-22,,
2974.1,3.67E-22,,
2974.1,3.53E-22,,
2974,3.54E-22,,
2973.9,3.79E-22,,
2973.9,4.15E-22,,
2973.8,5.29E-22,,
2973.8,6.48E-22,,
2973.7,5.98E-22,,
2973.6,4.93E-22,,
2973.6,4.34E-22,,
2973.5,3.89E-22,,
2973.5,3.87E-22,,
2973.4,4.00E-22,,
2973.3,4.37E-22,,
2973.3,5.29E-22,,
2973.2,7.31E-22,,
2973.2,9.26E-22,,
2973.1,8.83E-22,,
2973,9.99E-22,,
2973,1.01E-21,,
2972.9,7.73E-22,,
2972.9,8.14E-22,,
2972.8,7.19E-22,,
2972.7,5.07E-22,,
2972.7,4.20E-22,,
2972.6,4.11E-22,,
2972.6,4.50E-22,,
2972.5,4.86E-22,,
2972.4,5.00E-22,,
2972.4,5.29E-22,,
2972.3,5.51E-22,,
2972.3,5.38E-22,,
2972.2,5.95E-22,,
2972.1,6.30E-22,,
2972.1,7.33E-22,,
2972,8.10E-22,,
2972,6.81E-22,,
2971.9,5.76E-22,,
2971.8,5.80E-22,,
2971.8,5.96E-22,,
2971.7,6.37E-22,,
2971.7,7.13E-22,,
2971.6,8.51E-22,,
2971.5,9.08E-22,,
2971.5,1.05E-21,,
2971.4,1.45E-21,,
2971.4,2.62E-21,,
2971.3,4.72E-21,,
2971.2,4.33E-21,,
2971.2,3.03E-21,,
2971.1,4.10E-21,,
2971.1,4.63E-21,,
2971,2.73E-21,,
2970.9,1.55E-21,,
2970.9,1.15E-21,,
2970.8,9.69E-22,,
2970.8,9.05E-22,,
2970.7,8.76E-22,,
2970.6,8.88E-22,,
2970.6,9.01E-22,,
2970.5,9.50E-22,,
2970.5,1.01E-21,,
2970.4,1.12E-21,,
2970.3,1.25E-21,,
2970.3,1.35E-21,,
2970.2,1.42E-21,,
2970.2,1.61E-21,,
2970.1,1.80E-21,,
2970,1.83E-21,,
2970,1.87E-21,,
2969.9,2.06E-21,,
2969.8,2.27E-21,,
2969.8,2.48E-21,,
2969.7,2.69E-21,,
2969.7,2.88E-21,,
2969.6,3.06E-21,,
2969.5,3.36E-21,,
2969.5,3.88E-21,,
2969.4,4.47E-21,,
2969.4,5.29E-21,,
2969.3,6.44E-21,,
2969.2,8.08E-21,,
2969.2,1.04E-20,,
2969.1,1.42E-20,,
2969.1,2.06E-20,,
2969,3.37E-20,,
2968.9,6.37E-20,,
2968.9,1.33E-19,,
2968.8,1.79E-19,,
2968.8,1.83E-19,,
2968.7,1.64E-19,,
2968.6,1.04E-19,,
2968.6,8.42E-20,,
2968.5,1.16E-19,,
2968.5,1.88E-19,,
2968.4,1.97E-19,,
2968.3,1.12E-19,,
2968.3,5.07E-20,,
2968.2,2.72E-20,,
2968.2,1.70E-20,,
2968.1,1.19E-20,,
2968,8.82E-21,,
2968,6.95E-21,,
2967.9,5.65E-21,,
2967.9,4.78E-21,,
2967.8,4.07E-21,,
2967.7,3.53E-21,,
2967.7,3.10E-21,,
2967.6,2.72E-21,,
2967.6,2.41E-21,,
2967.5,2.18E-21,,
2967.4,1.94E-21,,
2967.4,1.78E-21,,
2967.3,1.64E-21,,
2967.3,1.57E-21,,
2967.2,1.48E-21,,
2967.1,1.40E-21,,
2967.1,1.30E-21,,
2967,1.22E-21,,
2967,1.11E-21,,
2966.9,1.06E-21,,
2966.8,1.01E-21,,
2966.8,1.01E-21,,
2966.7,9.75E-22,,
2966.7,9.80E-22,,
2966.6,1.01E-21,,
2966.5,1.08E-21,,
2966.5,1.19E-21,,
2966.4,1.16E-21,,
2966.4,1.19E-21,,
2966.3,1.48E-21,,
2966.2,2.15E-21,,
2966.2,4.15E-21,,
2966.1,7.25E-21,,
2966.1,5.47E-21,,
2966,3.19E-21,,
2965.9,2.70E-21,,
2965.9,2.87E-21,,
2965.8,2.57E-21,,
2965.8,2.00E-21,,
2965.7,1.64E-21,,
2965.6,1.53E-21,,
2965.6,1.90E-21,,
2965.5,2.38E-21,,
2965.5,2.28E-21,,
2965.4,1.60E-21,,
2965.3,1.10E-21,,
2965.3,9.25E-22,,
2965.2,8.63E-22,,
2965.1,9.76E-22,,
2965.1,1.27E-21,,
2965,2.12E-21,,
2965,3.51E-21,,
2964.9,4.26E-21,,
2964.8,3.80E-21,,
2964.8,2.24E-21,,
2964.7,1.29E-21,,
2964.7,9.47E-22,,
2964.6,8.87E-22,,
2964.5,9.41E-22,,
2964.5,8.27E-22,,
2964.4,6.62E-22,,
2964.4,6.62E-22,,
2964.3,7.15E-22,,
2964.2,6.52E-22,,
2964.2,5.36E-22,,
2964.1,4.87E-22,,
2964.1,5.20E-22,,
2964,6.30E-22,,
2963.9,8.28E-22,,
2963.9,1.02E-21,,
2963.8,8.88E-22,,
2963.8,5.87E-22,,
2963.7,4.89E-22,,
2963.6,4.65E-22,,
2963.6,5.28E-22,,
2963.5,6.60E-22,,
2963.5,7.24E-22,,
2963.4,6.08E-22,,
2963.3,5.26E-22,,
2963.3,4.95E-22,,
2963.2,5.11E-22,,
2963.2,5.60E-22,,
2963.1,5.93E-22,,
2963,5.87E-22,,
2963,5.61E-22,,
2962.9,4.68E-22,,
2962.9,4.22E-22,,
2962.8,4.42E-22,,
2962.7,5.12E-22,,
2962.7,6.40E-22,,
2962.6,7.30E-22,,
2962.6,8.42E-22,,
2962.5,8.39E-22,,
2962.4,6.63E-22,,
2962.4,5.39E-22,,
2962.3,4.77E-22,,
2962.3,4.56E-22,,
2962.2,4.85E-22,,
2962.1,5.31E-22,,
2962.1,5.30E-22,,
2962,5.53E-22,,
2962,5.55E-22,,
2961.9,5.38E-22,,
2961.8,5.44E-22,,
2961.8,5.19E-22,,
2961.7,5.40E-22,,
2961.7,5.69E-22,,
2961.6,5.81E-22,,
2961.5,5.89E-22,,
2961.5,6.58E-22,,
2961.4,7.07E-22,,
2961.4,7.67E-22,,
2961.3,7.88E-22,,
2961.2,8.14E-22,,
2961.2,9.01E-22,,
2961.1,1.07E-21,,
2961.1,1.44E-21,,
2961,2.38E-21,,
2960.9,2.78E-21,,
2960.9,1.95E-21,,
2960.8,1.41E-21,,
2960.7,1.23E-21,,
2960.7,1.23E-21,,
2960.6,1.16E-21,,
2960.6,1.06E-21,,
2960.5,1.07E-21,,
2960.4,1.15E-21,,
2960.4,1.33E-21,,
2960.3,1.32E-21,,
2960.3,1.34E-21,,
2960.2,1.46E-21,,
2960.1,1.46E-21,,
2960.1,1.47E-21,,
2960,1.56E-21,,
2960,1.71E-21,,
2959.9,1.94E-21,,
2959.8,2.14E-21,,
2959.8,2.37E-21,,
2959.7,2.56E-21,,
2959.7,2.66E-21,,
2959.6,2.91E-21,,
2959.5,3.23E-21,,
2959.5,3.53E-21,,
2959.4,3.84E-21,,
2959.4,4.29E-21,,
2959.3,4.92E-21,,
2959.2,5.74E-21,,
2959.2,6.82E-21,,
2959.1,8.28E-21,,
2959.1,1.04E-20,,
2959,1.34E-20,,
2958.9,1.83E-20,,
2958.9,2.68E-20,,
2958.8,4.38E-20,,
2958.8,8.42E-20,,
2958.7,1.77E-19,,
2958.6,2.51E-19,,
2958.6,2.55E-19,,
2958.5,2.59E-19,,
2958.5,1.55E-19,,
2958.4,9.75E-20,,
2958.3,9.03E-20,,
2958.3,1.33E-19,,
2958.2,2.02E-19,,
2958.2,2.34E-19,,
2958.1,2.47E-19,,
2958,2.66E-19,,
2958,1.96E-19,,
2957.9,8.74E-20,,
2957.9,4.35E-20,,
2957.8,2.58E-20,,
2957.7,1.74E-20,,
2957.7,1.27E-20,,
2957.6,9.82E-21,,
2957.6,7.87E-21,,
2957.5,6.48E-21,,
2957.4,5.46E-21,,
2957.4,4.69E-21,,
2957.3,4.07E-21,,
2957.3,3.58E-21,,
2957.2,3.19E-21,,
2957.1,2.87E-21,,
2957.1,2.62E-21,,
2957,2.42E-21,,
2957,2.27E-21,,
2956.9,2.14E-21,,
2956.8,2.08E-21,,
2956.8,2.10E-21,,
2956.7,2.03E-21,,
2956.7,1.89E-21,,
2956.6,1.81E-21,,
2956.5,1.69E-21,,
2956.5,1.52E-21,,
2956.4,1.37E-21,,
2956.4,1.29E-21,,
2956.3,1.23E-21,,
2956.2,1.29E-21,,
2956.2,1.53E-21,,
2956.1,1.82E-21,,
2956,1.79E-21,,
2956,1.63E-21,,
2955.9,1.44E-21,,
2955.9,1.19E-21,,
2955.8,1.10E-21,,
2955.7,1.05E-21,,
2955.7,9.35E-22,,
2955.6,8.94E-22,,
2955.6,9.85E-22,,
2955.5,1.11E-21,,
2955.4,1.13E-21,,
2955.4,9.68E-22,,
2955.3,8.25E-22,,
2955.3,7.62E-22,,
2955.2,7.97E-22,,
2955.1,8.46E-22,,
2955.1,9.74E-22,,
2955,1.21E-21,,
2955,1.56E-21,,
2954.9,1.68E-21,,
2954.8,1.28E-21,,
2954.8,1.03E-21,,
2954.7,1.03E-21,,
2954.7,1.06E-21,,
2954.6,1.24E-21,,
2954.5,1.69E-21,,
2954.5,2.56E-21,,
2954.4,2.63E-21,,
2954.4,2.09E-21,,
2954.3,1.66E-21,,
2954.2,1.24E-21,,
2954.2,1.08E-21,,
2954.1,9.50E-22,,
2954.1,8.65E-22,,
2954,8.32E-22,,
2953.9,8.99E-22,,
2953.9,1.05E-21,,
2953.8,1.47E-21,,
2953.8,2.58E-21,,
2953.7,4.61E-21,,
2953.6,4.97E-21,,
2953.6,5.52E-21,,
2953.5,5.98E-21,,
2953.5,3.70E-21,,
2953.4,2.54E-21,,
2953.3,2.55E-21,,
2953.3,4.00E-21,,
2953.2,7.37E-21,,
2953.2,6.69E-21,,
2953.1,3.26E-21,,
2953,1.81E-21,,
2953,1.22E-21,,
2952.9,1.01E-21,,
2952.9,8.92E-22,,
2952.8,7.85E-22,,
2952.7,6.93E-22,,
2952.7,6.54E-22,,
2952.6,6.16E-22,,
2952.6,5.85E-22,,
2952.5,6.11E-22,,
2952.4,6.35E-22,,
2952.4,6.23E-22,,
2952.3,6.35E-22,,
2952.3,7.45E-22,,
2952.2,1.06E-21,,
2952.1,1.47E-21,,
2952.1,1.45E-21,,
2952,1.10E-21,,
2952,7.65E-22,,
2951.9,6.14E-22,,
2951.8,5.42E-22,,
2951.8,5.05E-22,,
2951.7,5.13E-22,,
2951.6,5.48E-22,,
2951.6,6.75E-22,,
2951.5,7.11E-22,,
2951.5,6.12E-22,,
2951.4,6.28E-22,,
2951.3,7.28E-22,,
2951.3,7.48E-22,,
2951.2,6.28E-22,,
2951.2,5.61E-22,,
2951.1,5.41E-22,,
2951,5.44E-22,,
2951,5.60E-22,,
2950.9,5.85E-22,,
2950.9,6.32E-22,,
2950.8,6.58E-22,,
2950.7,6.89E-22,,
2950.7,7.74E-22,,
2950.6,8.87E-22,,
2950.6,1.03E-21,,
2950.5,1.13E-21,,
2950.4,1.17E-21,,
2950.4,1.52E-21,,
2950.3,1.70E-21,,
2950.3,1.36E-21,,
2950.2,1.16E-21,,
2950.1,1.18E-21,,
2950.1,1.15E-21,,
2950,1.12E-21,,
2950,1.17E-21,,
2949.9,1.32E-21,,
2949.8,1.52E-21,,
2949.8,1.61E-21,,
2949.7,1.55E-21,,
2949.7,1.59E-21,,
2949.6,1.73E-21,,
2949.5,1.98E-21,,
2949.5,2.18E-21,,
2949.4,2.49E-21,,
2949.4,3.20E-21,,
2949.3,3.84E-21,,
2949.2,4.23E-21,,
2949.2,5.77E-21,,
2949.1,8.05E-21,,
2949.1,7.18E-21,,
2949,5.92E-21,,
2948.9,6.21E-21,,
2948.9,7.19E-21,,
2948.8,8.96E-21,,
2948.8,1.17E-20,,
2948.7,1.68E-20,,
2948.6,2.63E-20,,
2948.6,4.90E-20,,
2948.5,1.07E-19,,
2948.5,1.89E-19,,
2948.4,1.58E-19,,
2948.3,8.79E-20,,
2948.3,6.26E-20,,
2948.2,7.41E-20,,
2948.2,1.31E-19,,
2948.1,1.90E-19,,
2948,1.26E-19,,
2948,1.09E-19,,
2947.9,1.42E-19,,
2947.9,1.56E-19,,
2947.8,1.46E-19,,
2947.7,1.22E-19,,
2947.7,1.29E-19,,
2947.6,8.14E-20,,
2947.6,3.64E-20,,
2947.5,2.12E-20,,
2947.4,1.52E-20,,
2947.4,1.09E-20,,
2947.3,7.71E-21,,
2947.3,5.99E-21,,
2947.2,4.90E-21,,
2947.1,4.29E-21,,
2947.1,3.73E-21,,
2947,3.14E-21,,
2946.9,2.70E-21,,
2946.9,2.40E-21,,
2946.8,2.16E-21,,
2946.8,1.97E-21,,
2946.7,1.83E-21,,
2946.6,1.74E-21,,
2946.6,1.64E-21,,
2946.5,1.57E-21,,
2946.5,1.52E-21,,
2946.4,1.48E-21,,
2946.3,1.55E-21,,
2946.3,1.78E-21,,
2946.2,1.87E-21,,
2946.2,1.93E-21,,
2946.1,2.40E-21,,
2946,3.72E-21,,
2946,6.56E-21,,
2945.9,7.42E-21,,
2945.9,4.42E-21,,
2945.8,2.54E-21,,
2945.7,1.88E-21,,
2945.7,1.92E-21,,
2945.6,1.97E-21,,
2945.6,1.47E-21,,
2945.5,1.11E-21,,
2945.4,9.32E-22,,
2945.4,7.98E-22,,
2945.3,6.95E-22,,
2945.3,6.49E-22,,
2945.2,6.25E-22,,
2945.1,6.14E-22,,
2945.1,6.39E-22,,
2945,6.67E-22,,
2945,6.24E-22,,
2944.9,5.60E-22,,
2944.8,5.47E-22,,
2944.8,5.68E-22,,
2944.7,6.37E-22,,
2944.7,6.48E-22,,
2944.6,6.86E-22,,
2944.5,8.64E-22,,
2944.5,9.87E-22,,
2944.4,8.41E-22,,
2944.4,8.03E-22,,
2944.3,8.63E-22,,
2944.2,8.21E-22,,
2944.2,8.65E-22,,
2944.1,1.03E-21,,
2944.1,1.07E-21,,
2944,1.09E-21,,
2943.9,1.07E-21,,
2943.9,1.39E-21,,
2943.8,2.17E-21,,
2943.8,2.04E-21,,
2943.7,1.48E-21,,
2943.6,1.58E-21,,
2943.6,1.53E-21,,
2943.5,1.38E-21,,
2943.5,1.74E-21,,
2943.4,3.06E-21,,
2943.3,4.93E-21,,
2943.3,4.98E-21,,
2943.2,4.15E-21,,
2943.2,2.70E-21,,
2943.1,1.59E-21,,
2943,1.12E-21,,
2943,8.08E-22,,
2942.9,6.51E-22,,
2942.9,5.79E-22,,
2942.8,5.97E-22,,
2942.7,6.78E-22,,
2942.7,7.87E-22,,
2942.6,6.27E-22,,
2942.5,4.64E-22,,
2942.5,4.24E-22,,
2942.4,4.49E-22,,
2942.4,5.87E-22,,
2942.3,5.80E-22,,
2942.2,4.54E-22,,
2942.2,4.67E-22,,
2942.1,5.62E-22,,
2942.1,5.55E-22,,
2942,4.46E-22,,
2941.9,3.96E-22,,
2941.9,3.80E-22,,
2941.8,3.94E-22,,
2941.8,3.79E-22,,
2941.7,3.69E-22,,
2941.6,3.88E-22,,
2941.6,4.47E-22,,
2941.5,5.08E-22,,
2941.5,6.67E-22,,
2941.4,7.89E-22,,
2941.3,6.12E-22,,
2941.3,4.70E-22,,
2941.2,4.37E-22,,
2941.2,4.52E-22,,
2941.1,4.73E-22,,
2941,5.15E-22,,
2941,5.48E-22,,
2940.9,5.44E-22,,
2940.9,5.64E-22,,
2940.8,6.44E-22,,
2940.7,8.10E-22,,
2940.7,1.04E-21,,
2940.6,1.08E-21,,
2940.6,9.85E-22,,
2940.5,8.64E-22,,
2940.4,7.10E-22,,
2940.4,6.25E-22,,
2940.3,5.89E-22,,
2940.3,5.98E-22,,
2940.2,6.23E-22,,
2940.1,6.62E-22,,
2940.1,7.08E-22,,
2940,8.18E-22,,
